0, 0, 13.29503
0, 1, 11.96201
0, 2, 11.49903
0, 3, 11.40700
0, 4, 11.31300
0, 5, 11.27598
0, 6, 11.29501
0, 7, 11.33197
0, 8, 11.25799
0, 9, 16.53603
0, 10, 17.97999
0, 11, 27.14699
0, 12, 27.83198
0, 13, 28.03600
0, 14, 34.38803
0, 15, 28.72099
0, 16, 28.85102
0, 17, 28.64602
0, 18, 28.62803
0, 19, 28.51802
0, 20, 28.55498
0, 21, 28.68403
0, 22, 28.51703
0, 23, 28.48001
0, 24, 28.46097
0, 25, 28.66499
0, 26, 28.49898
0, 27, 28.72099
0, 28, 28.55498
0, 29, 28.66499
0, 30, 28.57296
0, 31, 31.12898
0, 32, 29.05504
0, 33, 28.66499
0, 34, 28.36901
0, 35, 28.62797
0, 36, 28.23903
0, 37, 28.68403
0, 38, 28.31400
0, 39, 28.59101
0, 40, 28.38798
0, 41, 28.55405
0, 42, 28.59101
0, 43, 28.57302
0, 44, 28.55498
0, 45, 29.68403
0, 46, 31.88696
0, 47, 30.10895
0, 48, 31.68399
0, 49, 29.74003
0, 50, 31.66595
0, 51, 29.16500
0, 52, 33.49896
0, 53, 28.55498
0, 54, 30.72100
0, 55, 28.12896
0, 56, 34.64699
0, 57, 28.85096
0, 58, 29.38805
0, 59, 31.99901
0, 60, 31.57305
0, 61, 29.29503
0, 62, 31.33201
0, 63, 29.70301
0, 64, 31.55500
0, 65, 29.49899
0, 66, 31.53603
0, 67, 29.83200
0, 68, 31.59196
0, 69, 29.55400
0, 70, 31.62799
0, 71, 31.46100
0, 72, 30.20295
0, 73, 29.33205
0, 74, 29.33298
0, 75, 31.98003
0, 76, 29.42501
0, 77, 31.62904
0, 78, 29.22099
0, 79, 32.36904
0, 80, 28.73903
0, 81, 31.83201
0, 82, 31.40599
0, 83, 29.70301
0, 84, 31.44400
0, 85, 29.46098
0, 86, 31.29499
0, 87, 29.70301
0, 88, 31.66600
0, 89, 29.72099
0, 90, 31.70302
0, 91, 29.55400
0, 92, 31.77701
0, 93, 30.87001
0, 94, 28.31400
0, 95, 28.40701
0, 96, 28.31400
0, 97, 28.57302
0, 98, 28.24002
0, 99, 28.31400
0, 100, 28.72105
0, 101, 33.99897
0, 102, 28.53600
0, 103, 28.62902
0, 104, 28.55498
0, 105, 28.49898
0, 106, 28.42500
0, 107, 28.60999
0, 108, 28.33303
0, 109, 28.64701
0, 110, 28.33303
0, 111, 28.46196
0, 112, 28.46196
0, 113, 28.62902
0, 114, 30.05499
0, 115, 28.46202
0, 116, 27.57302
0, 117, 27.64700
0, 118, 27.59199
0, 119, 27.72098
0, 120, 27.88798
0, 121, 31.72101
0, 122, 28.72198
0, 123, 28.55498
0, 124, 28.33199
0, 125, 28.66499
0, 126, 28.29502
0, 127, 28.48001
0, 128, 28.40597
0, 129, 28.38699
0, 130, 28.33199
0, 131, 28.46097
0, 132, 28.29595
0, 133, 27.83198
0, 134, 28.20300
0, 135, 30.55400
0, 136, 28.34997
0, 137, 28.25899
0, 138, 28.24002
0, 139, 28.23903
0, 140, 27.94298
0, 141, 28.23996
0, 142, 28.35003
0, 143, 28.27698
0, 144, 28.12797
0, 145, 28.61004
0, 146, 28.33204
0, 147, 28.44299
0, 148, 28.25800
0, 149, 28.16598
0, 150, 28.40597
0, 151, 28.40597
0, 152, 28.14700
0, 153, 28.57302
0, 154, 28.23903
0, 155, 28.24002
0, 156, 29.29503
0, 157, 28.18396
0, 158, 27.46201
0, 159, 27.88798
0, 160, 31.62898
0, 161, 28.42500
0, 162, 28.88798
0, 163, 28.38798
0, 164, 28.40701
0, 165, 28.42500
0, 166, 28.46202
0, 167, 28.38804
0, 168, 28.29497
0, 169, 28.46202
0, 170, 28.36901
0, 171, 28.38798
0, 172, 28.29502
0, 173, 28.14700
0, 174, 28.27698
0, 175, 28.29601
0, 176, 29.84998
0, 177, 28.75801
0, 178, 28.33204
0, 179, 28.23897
0, 180, 28.07302
0, 181, 28.09095
0, 182, 28.16598
0, 183, 28.83205
0, 184, 28.42500
0, 185, 28.48100
0, 186, 28.22098
0, 187, 28.51697
0, 188, 28.33303
0, 189, 28.66499
0, 190, 28.36901
0, 191, 28.35102
0, 192, 28.33303
0, 193, 28.61004
0, 194, 28.16598
0, 195, 28.35102
0, 196, 28.31400
0, 197, 29.40702
0, 198, 27.61004
0, 199, 27.62901
0, 200, 27.35101
0, 201, 31.42502
0, 202, 28.35102
0, 203, 28.40597
0, 204, 28.74002
0, 205, 28.40597
0, 206, 28.22098
0, 207, 28.27698
0, 208, 28.29601
0, 209, 28.48001
0, 210, 28.16598
0, 211, 28.44403
0, 212, 28.29502
0, 213, 28.40696
0, 214, 28.35201
0, 215, 28.49898
0, 216, 27.99904
0, 217, 28.38804
0, 218, 30.23997
0, 219, 28.75801
0, 220, 27.99898
0, 221, 28.14700
0, 222, 28.40701
0, 223, 28.46202
0, 224, 28.81400
0, 225, 28.48100
0, 226, 28.22098
0, 227, 28.29601
0, 228, 28.18396
0, 229, 28.57302
0, 230, 28.25800
0, 231, 28.40696
0, 232, 28.07401
0, 233, 28.35096
0, 234, 28.05497
0, 235, 28.18402
0, 236, 27.94298
0, 237, 28.22197
0, 238, 28.20300
0, 239, 29.25801
0, 240, 27.88798
0, 241, 27.40701
0, 242, 27.27697
0, 243, 31.33201
0, 244, 28.05497
0, 245, 28.64701
0, 246, 28.20300
0, 247, 28.57302
0, 248, 28.20300
0, 249, 28.35201
0, 250, 28.25800
0, 251, 28.22197
0, 252, 28.42500
0, 253, 28.20300
0, 254, 28.31400
0, 255, 28.35102
0, 256, 28.03600
0, 257, 28.22197
0, 258, 27.99904
0, 259, 28.33303
0, 260, 30.03596
0, 261, 28.94398
0, 262, 28.29601
0, 263, 28.46202
0, 264, 28.24002
0, 265, 28.38798
0, 266, 28.57302
0, 267, 28.77698
0, 268, 28.11103
0, 269, 28.42605
0, 270, 28.24101
0, 271, 28.10998
0, 272, 28.16604
0, 273, 28.57296
0, 274, 28.29601
0, 275, 28.40603
0, 276, 28.25899
0, 277, 28.20300
0, 278, 28.20300
0, 279, 28.36999
0, 280, 28.94398
0, 281, 27.98000
0, 282, 27.68501
0, 283, 27.48099
0, 284, 31.66600
0, 285, 28.29502
0, 286, 27.98099
0, 287, 29.03595
0, 288, 28.66604
0, 289, 28.68501
0, 290, 28.29601
0, 291, 28.51802
0, 292, 28.25899
0, 293, 28.29601
0, 294, 28.14799
0, 295, 28.35102
0, 296, 28.16604
0, 297, 28.31499
0, 298, 28.11004
0, 299, 28.44398
0, 300, 28.44398
0, 301, 29.42501
0, 302, 28.11103
0, 303, 27.55497
0, 304, 27.48099
0, 305, 27.51795
0, 306, 28.98100
0, 307, 27.88798
0, 308, 28.99899
0, 309, 28.20300
0, 310, 30.75802
0, 311, 30.92601
0, 312, 30.96198
0, 313, 28.79602
0, 314, 30.73998
0, 315, 27.88804
0, 316, 30.51803
0, 317, 31.05500
0, 318, 29.12902
0, 319, 30.68404
0, 320, 31.94400
0, 321, 44.62902
0, 322, 30.61099
0, 323, 28.48100
0, 324, 27.72098
0, 325, 27.83297
0, 326, 31.55500
0, 327, 28.64799
0, 328, 30.92496
0, 329, 31.96199
0, 330, 29.72198
0, 331, 31.61100
0, 332, 29.66599
0, 333, 31.35098
0, 334, 29.70400
0, 335, 31.27799
0, 336, 29.44404
0, 337, 31.53603
0, 338, 29.33298
0, 339, 31.42497
0, 340, 28.53699
0, 341, 31.46199
0, 342, 31.20302
0, 343, 31.98102
0, 344, 29.01802
0, 345, 32.09203
0, 346, 29.31401
0, 347, 31.73999
0, 348, 29.10999
0, 349, 32.40699
0, 350, 28.59200
0, 351, 31.55500
0, 352, 31.38899
0, 353, 29.35097
0, 354, 31.38899
0, 355, 29.53601
0, 356, 31.24004
0, 357, 29.29503
0, 358, 31.16600
0, 359, 29.53700
0, 360, 32.74098
0, 361, 28.66598
0, 362, 29.75900
0, 363, 29.40696
0, 364, 30.01797
0, 365, 31.37002
0, 366, 29.05498
0, 367, 34.44402
0, 368, 28.27797
0, 369, 28.44403
0, 370, 28.75900
0, 371, 28.33297
0, 372, 28.20300
0, 373, 28.22203
0, 374, 28.18402
0, 375, 28.35096
0, 376, 28.12902
0, 377, 28.50003
0, 378, 28.29502
0, 379, 28.40701
0, 380, 28.10998
0, 381, 28.31400
0, 382, 28.35102
0, 383, 28.42500
0, 384, 30.40703
0, 385, 28.79503
0, 386, 28.35096
0, 387, 28.68501
0, 388, 28.36999
0, 389, 28.38903
0, 390, 28.29502
0, 391, 28.64799
0, 392, 28.29601
0, 393, 28.42599
0, 394, 28.25899
0, 395, 28.46196
0, 396, 28.25899
0, 397, 28.31400
0, 398, 28.46202
0, 399, 28.44398
0, 400, 28.29595
0, 401, 28.24101
0, 402, 28.35096
0, 403, 28.51802
0, 404, 28.31400
0, 405, 29.57396
0, 406, 27.86999
0, 407, 27.66702
0, 408, 27.48099
0, 409, 31.63003
0, 410, 28.35195
0, 411, 28.66697
0, 412, 28.35201
0, 413, 28.55498
0, 414, 28.14700
0, 415, 28.55498
0, 416, 28.33297
0, 417, 28.42500
0, 418, 28.25800
0, 419, 28.36999
0, 420, 28.22203
0, 421, 28.62896
0, 422, 28.16598
0, 423, 28.27698
0, 424, 28.09200
0, 425, 28.48100
0, 426, 30.33299
0, 427, 28.87000
0, 428, 28.33303
0, 429, 28.42599
0, 430, 28.24095
0, 431, 28.35096
0, 432, 28.51802
0, 433, 28.53699
0, 434, 28.16598
0, 435, 28.48204
0, 436, 28.11103
0, 437, 28.42605
0, 438, 28.01801
0, 439, 28.27698
0, 440, 27.96301
0, 441, 28.33297
0, 442, 28.13000
0, 443, 28.29601
0, 444, 28.11103
0, 445, 28.18501
0, 446, 28.48100
0, 447, 30.31401
0, 448, 28.62902
0, 449, 28.44398
0, 450, 28.22203
0, 451, 28.51802
0, 452, 28.42500
0, 453, 28.64799
0, 454, 28.48100
0, 455, 28.40701
0, 456, 28.29601
0, 457, 28.40696
0, 458, 28.18501
0, 459, 33.48202
0, 460, 28.92599
0, 461, 28.37098
0, 462, 28.14700
0, 463, 28.57401
0, 464, 28.31400
0, 465, 28.35096
0, 466, 28.38798
0, 467, 30.22199
0, 468, 28.63001
0, 469, 28.59305
0, 470, 28.31505
0, 471, 28.74002
0, 472, 28.29601
0, 473, 28.38897
0, 474, 28.70399
0, 475, 28.55498
0, 476, 28.09298
0, 477, 28.40701
0, 478, 28.29601
0, 479, 28.49904
0, 480, 28.20399
0, 481, 28.51796
0, 482, 28.18495
0, 483, 28.50003
0, 484, 28.33402
0, 485, 28.51802
0, 486, 28.16598
0, 487, 28.46196
0, 488, 29.83299
0, 489, 28.74002
0, 490, 28.27704
0, 491, 28.36999
0, 492, 28.36999
0, 493, 28.48199
0, 494, 28.42599
0, 495, 28.53600
0, 496, 28.38798
0, 497, 28.25899
0, 498, 28.25899
0, 499, 28.46301
0, 500, 28.40701
0, 501, 28.63001
0, 502, 28.38903
0, 503, 28.44398
0, 504, 28.16697
0, 505, 28.44502
0, 506, 28.20399
0, 507, 28.07302
0, 508, 28.22197
0, 509, 29.40801
0, 510, 27.72197
0, 511, 27.40800
0, 512, 27.68501
0, 513, 28.05602
0, 514, 28.57401
0, 515, 27.81400
0, 516, 27.61097
0, 517, 27.61103
0, 518, 27.49996
0, 519, 27.50002
0, 520, 27.20404
0, 521, 45.99999
0, 522, 31.07397
0, 523, 29.27803
0, 524, 28.50003
0, 525, 28.40795
0, 526, 28.46301
0, 527, 28.33402
0, 528, 28.35201
0, 529, 28.53705
0, 530, 30.11099
0, 531, 28.77698
0, 532, 28.27704
0, 533, 28.40701
0, 534, 28.35201
0, 535, 28.51802
0, 536, 28.70300
0, 537, 28.55498
0, 538, 28.18495
0, 539, 28.42599
0, 540, 28.18501
0, 541, 28.42500
0, 542, 28.35201
0, 543, 28.42494
0, 544, 28.31499
0, 545, 28.31400
0, 546, 28.44403
0, 547, 28.57401
0, 548, 28.24101
0, 549, 28.36999
0, 550, 28.07401
0, 551, 30.53701
0, 552, 28.74095
0, 553, 28.44497
0, 554, 28.33303
0, 555, 28.50003
0, 556, 28.25899
0, 557, 28.64799
0, 558, 28.35201
0, 559, 28.37098
0, 560, 28.35195
0, 561, 28.31499
0, 562, 28.25899
0, 563, 28.44502
0, 564, 28.33402
0, 565, 28.42605
0, 566, 28.31499
0, 567, 28.42599
0, 568, 28.40800
0, 569, 28.38903
0, 570, 28.40701
0, 571, 29.44503
0, 572, 27.63000
0, 573, 27.55497
0, 574, 27.59199
0, 575, 31.70297
0, 576, 28.40800
0, 577, 28.33297
0, 578, 28.66703
0, 579, 28.38897
0, 580, 28.18600
0, 581, 28.31505
0, 582, 28.24101
0, 583, 28.27797
0, 584, 28.31505
0, 585, 28.27803
0, 586, 28.24101
0, 587, 28.42599
0, 588, 28.16702
0, 589, 28.44502
0, 590, 28.22197
0, 591, 28.48204
0, 592, 30.11099
0, 593, 28.83403
0, 594, 28.53699
0, 595, 28.57395
0, 596, 28.48199
0, 597, 28.27797
0, 598, 28.29595
0, 599, 28.68501
0, 600, 31.87101
0, 601, 28.74002
0, 602, 28.24095
0, 603, 28.61097
0, 604, 28.24101
0, 605, 28.36999
0, 606, 28.24101
0, 607, 28.36999
0, 608, 28.29700
0, 609, 28.36999
0, 610, 32.18498
0, 611, 31.37101
0, 612, 28.50003
0, 613, 30.88899
0, 614, 29.01802
0, 615, 28.55603
0, 616, 28.25899
0, 617, 28.42605
0, 618, 28.42605
0, 619, 28.63001
0, 620, 28.48100
0, 621, 28.40701
0, 622, 28.25905
0, 623, 28.40701
0, 624, 28.40800
0, 625, 28.55498
0, 626, 32.85204
0, 627, 28.70399
0, 628, 28.44502
0, 629, 29.22297
0, 630, 31.81496
0, 631, 31.31501
0, 632, 29.79701
0, 633, 31.53702
0, 634, 31.50000
0, 635, 28.92599
0, 636, 31.76001
0, 637, 29.29596
0, 638, 31.55599
0, 639, 28.96301
0, 640, 32.11100
0, 641, 31.68504
0, 642, 28.29700
0, 643, 29.20399
0, 644, 28.20404
0, 645, 29.63002
0, 646, 28.16702
0, 647, 28.55504
0, 648, 28.24101
0, 649, 28.55498
0, 650, 28.20399
0, 651, 28.53699
0, 652, 28.16697
0, 653, 28.24101
0, 654, 30.29603
0, 655, 28.46301
0, 656, 28.31499
0, 657, 28.16702
0, 658, 28.16598
0, 659, 28.24101
0, 660, 28.33297
0, 661, 28.74101
0, 662, 28.40701
0, 663, 28.20399
0, 664, 28.40800
0, 665, 28.14799
0, 666, 28.35201
0, 667, 28.36999
0, 668, 28.27797
0, 669, 28.20399
0, 670, 28.16702
0, 671, 28.35195
0, 672, 28.31499
0, 673, 28.14799
0, 674, 28.18495
0, 675, 35.72302
0, 676, 23.48201
0, 677, 17.49995
0, 678, 22.24096
0, 679, 27.05503
0, 680, 27.81597
0, 681, 28.27902
0, 682, 28.90801
0, 683, 28.50003
0, 684, 28.53804
0, 685, 28.38897
0, 686, 28.37098
0, 687, 28.46301
0, 688, 28.01900
0, 689, 28.49997
0, 690, 28.37098
0, 691, 28.53699
0, 692, 28.46301
0, 693, 28.37098
0, 694, 28.38903
0, 695, 28.03699
0, 696, 30.48200
0, 697, 28.85195
0, 698, 28.14799
0, 699, 28.61202
0, 700, 28.36999
0, 701, 28.53804
0, 702, 29.44398
0, 703, 28.68600
0, 704, 28.31598
0, 705, 28.87000
0, 706, 28.42599
0, 707, 28.46301
0, 708, 28.31598
0, 709, 28.49997
0, 710, 28.40800
0, 711, 28.44497
0, 712, 28.46301
0, 713, 28.20399
0, 714, 28.37104
0, 715, 28.29601
0, 716, 27.96301
0, 717, 28.90801
0, 718, 27.74100
0, 719, 27.63000
0, 720, 27.20398
0, 721, 47.51903
0, 722, 32.37101
0, 723, 29.98200
0, 724, 28.48199
0, 725, 28.31499
0, 726, 28.25998
0, 727, 28.09304
0, 728, 28.33303
0, 729, 28.53699
0, 730, 27.99997
0, 731, 28.51901
0, 732, 28.51901
0, 733, 28.53699
0, 734, 27.90800
0, 735, 28.37098
0, 736, 28.18495
0, 737, 27.94397
0, 738, 30.01902
0, 739, 28.79701
0, 740, 28.25998
0, 741, 28.13000
0, 742, 28.12896
0, 743, 28.18600
0, 744, 29.48199
0, 745, 28.24095
0, 746, 28.25899
0, 747, 28.33396
0, 748, 27.98198
0, 749, 28.33297
0, 750, 28.03699
0, 751, 28.07401
0, 752, 28.12902
0, 753, 28.40800
0, 754, 28.11097
0, 755, 28.13000
0, 756, 28.31598
0, 757, 28.33303
0, 758, 28.53705
0, 759, 27.83402
0, 760, 27.44502
0, 761, 30.96396
0, 762, 31.64901
0, 763, 28.81604
0, 764, 28.53699
0, 765, 29.88898
0, 766, 28.31499
0, 767, 28.64898
0, 768, 28.29601
0, 769, 28.24101
0, 770, 28.42599
0, 771, 28.57401
0, 772, 28.24200
0, 773, 28.37104
0, 774, 28.36999
0, 775, 28.42698
0, 776, 30.46297
0, 777, 28.79701
0, 778, 28.59299
0, 779, 29.96401
0, 780, 28.38903
0, 781, 28.48204
0, 782, 28.40800
0, 783, 28.38903
0, 784, 27.88897
0, 785, 28.35300
0, 786, 29.51896
0, 787, 28.53699
0, 788, 28.51901
0, 789, 28.42599
0, 790, 28.07500
0, 791, 28.11097
0, 792, 31.79598
0, 793, 29.46302
0, 794, 28.50102
0, 795, 28.38903
0, 796, 28.38903
0, 797, 28.31604
0, 798, 28.16702
0, 799, 28.59299
0, 800, 29.53799
0, 801, 28.16697
0, 802, 27.29699
0, 803, 27.68600
0, 804, 32.51898
0, 805, 28.66697
0, 806, 29.87100
0, 807, 28.75999
0, 808, 28.07395
0, 809, 28.11196
0, 810, 28.37005
0, 811, 28.05602
0, 812, 28.05596
0, 813, 28.42698
0, 814, 28.35201
0, 815, 28.16801
0, 816, 27.92599
0, 817, 28.29700
0, 818, 27.92703
0, 819, 28.07401
0, 820, 28.24101
0, 821, 29.87100
0, 822, 27.98204
0, 823, 27.24100
0, 824, 27.46300
0, 825, 27.42604
0, 826, 27.24199
0, 827, 29.31599
0, 828, 28.11202
0, 829, 27.51900
0, 830, 27.37103
0, 831, 36.33403
0, 832, 30.18602
0, 833, 28.81499
0, 834, 27.83396
0, 835, 28.42698
0, 836, 27.81498
0, 837, 28.09304
0, 838, 28.27896
0, 839, 28.14799
0, 840, 28.25998
0, 841, 28.22302
0, 842, 29.57501
0, 843, 28.68600
0, 844, 27.92698
0, 845, 28.50102
0, 846, 27.92698
0, 847, 28.01900
0, 848, 29.87100
0, 849, 28.59299
0, 850, 28.00003
0, 851, 28.16702
0, 852, 28.22296
0, 853, 28.14898
0, 854, 27.75998
0, 855, 28.01900
0, 856, 28.29700
0, 857, 27.98198
0, 858, 28.00003
0, 859, 28.27902
0, 860, 27.92698
0, 861, 28.07500
0, 862, 33.29698
0, 863, 29.18601
0, 864, 28.07395
0, 865, 28.13099
0, 866, 28.09397
0, 867, 28.09298
0, 868, 27.94496
0, 869, 29.42600
0, 870, 28.55597
0, 871, 28.20399
0, 872, 27.96400
0, 873, 27.96405
0, 874, 28.11202
0, 875, 28.03699
0, 876, 27.96301
0, 877, 28.37104
0, 878, 28.01900
0, 879, 28.07500
0, 880, 28.01894
0, 881, 28.03798
0, 882, 28.31604
0, 883, 29.25999
0, 884, 28.90801
0, 885, 28.01900
0, 886, 27.94502
0, 887, 27.92703
0, 888, 28.07401
0, 889, 28.00102
0, 890, 29.09299
0, 891, 28.26004
0, 892, 27.85299
0, 893, 28.29700
0, 894, 28.16702
0, 895, 28.09403
0, 896, 27.98204
0, 897, 28.09298
0, 898, 28.33396
0, 899, 27.88902
0, 900, 28.16702
0, 901, 28.50096
0, 902, 27.94496
0, 903, 28.13099
0, 904, 29.44503
0, 905, 28.53798
0, 906, 28.00096
0, 907, 28.53798
0, 908, 27.96400
0, 909, 29.01901
0, 910, 29.50097
0, 911, 28.85300
0, 912, 28.83403
0, 913, 27.98204
0, 914, 28.33402
0, 915, 29.74201
0, 916, 28.52000
0, 917, 29.03799
0, 918, 29.09398
0, 919, 28.39002
0, 920, 29.22303
0, 921, 46.92700
0, 922, 31.55599
0, 923, 29.14899
0, 924, 28.51901
0, 925, 30.26000
0, 926, 29.35301
0, 927, 30.13101
0, 928, 33.81503
0, 929, 29.51901
0, 930, 33.14902
0, 931, 30.40796
0, 932, 33.26002
0, 933, 38.61204
0, 934, 29.00097
0, 935, 28.66697
0, 936, 28.39002
0, 937, 29.53700
0, 938, 29.68601
0, 939, 39.76001
0, 940, 29.76098
0, 941, 28.51895
0, 942, 28.90801
0, 943, 29.09398
0, 944, 30.50098
0, 945, 30.50098
0, 946, 29.03700
0, 947, 37.66797
0, 948, 28.72302
0, 949, 28.37203
0, 950, 28.51901
0, 951, 29.46401
0, 952, 32.66700
0, 953, 29.59399
0, 954, 32.64896
0, 955, 28.03798
0, 956, 33.76002
0, 957, 37.18601
0, 958, 28.57500
0, 959, 29.03799
0, 960, 29.46401
0, 961, 38.16698
0, 962, 29.07501
0, 963, 28.92698
0, 964, 28.44502
0, 965, 28.66796
0, 966, 29.83398
0, 967, 32.00099
0, 968, 31.62997
0, 969, 28.05602
0, 970, 35.92599
0, 971, 29.01901
0, 972, 28.83397
0, 973, 33.94501
0, 974, 29.35295
0, 975, 32.42695
0, 976, 29.88997
0, 977, 28.59305
0, 978, 29.07501
0, 979, 33.85298
0, 980, 34.24198
0, 981, 29.26098
0, 982, 29.13100
0, 983, 32.07503
0, 984, 32.33498
0, 985, 30.05604
0, 986, 29.05702
0, 987, 34.79798
0, 988, 30.85302
0, 989, 29.98200
0, 990, 32.66799
0, 991, 29.44602
0, 992, 28.94497
0, 993, 38.16797
0, 994, 29.25999
0, 995, 28.70498
0, 996, 30.35197
0, 997, 38.24201
0, 998, 29.53799
0, 999, 28.92704
0, 1000, 28.66802
0, 1001, 29.42699
0, 1002, 29.24200
0, 1003, 33.27900
0, 1004, 30.03799
0, 1005, 32.24203
0, 1006, 33.20496
0, 1007, 28.83502
0, 1008, 32.57503
0, 1009, 29.22297
0, 1010, 32.16700
0, 1011, 38.07496
0, 1012, 32.59401
0, 1013, 28.83496
0, 1014, 30.44597
0, 1015, 28.68600
0, 1016, 29.70400
0, 1017, 37.63101
0, 1018, 29.46296
0, 1019, 29.01901
0, 1020, 29.94498
0, 1021, 37.74201
0, 1022, 32.88999
0, 1023, 29.26005
0, 1024, 28.66796
0, 1025, 28.40800
0, 1026, 29.85295
0, 1027, 30.18701
0, 1028, 30.13101
0, 1029, 34.29699
0, 1030, 29.77798
0, 1031, 33.33400
0, 1032, 30.79801
0, 1033, 32.37200
0, 1034, 32.07497
0, 1035, 31.42799
0, 1036, 29.79696
0, 1037, 37.59399
0, 1038, 28.74200
0, 1039, 28.66697
0, 1040, 28.92704
0, 1041, 38.18602
0, 1042, 29.18700
0, 1043, 28.81598
0, 1044, 29.18700
0, 1045, 38.16803
0, 1046, 29.03799
0, 1047, 29.05702
0, 1048, 29.70499
0, 1049, 28.94497
0, 1050, 32.11304
0, 1051, 28.40899
0, 1052, 32.77899
0, 1053, 33.85298
0, 1054, 29.85301
0, 1055, 30.27804
0, 1056, 34.83500
0, 1057, 28.87099
0, 1058, 32.79698
0, 1059, 28.89002
0, 1060, 28.94503
0, 1061, 32.15000
0, 1062, 28.87198
0, 1063, 41.76003
0, 1064, 29.33502
0, 1065, 28.92698
0, 1066, 28.33402
0, 1067, 28.72401
0, 1068, 28.77902
0, 1069, 41.44501
0, 1070, 30.18602
0, 1071, 28.68600
0, 1072, 28.42698
0, 1073, 28.50102
0, 1074, 29.55697
0, 1075, 32.61298
0, 1076, 32.39005
0, 1077, 30.55697
0, 1078, 30.07496
0, 1079, 40.22300
0, 1080, 29.26098
0, 1081, 28.92704
0, 1082, 28.64898
0, 1083, 28.66802
0, 1084, 33.46398
0, 1085, 39.42701
0, 1086, 29.31604
0, 1087, 28.57500
0, 1088, 28.63100
0, 1089, 28.39002
0, 1090, 29.03898
0, 1091, 39.07502
0, 1092, 29.07501
0, 1093, 27.96400
0, 1094, 27.90800
0, 1095, 29.13100
0, 1096, 28.20498
0, 1097, 37.40900
0, 1098, 28.83403
0, 1099, 35.40800
0, 1100, 29.00102
0, 1101, 29.50103
0, 1102, 32.88999
0, 1103, 28.89002
0, 1104, 28.94596
0, 1105, 41.11299
0, 1106, 29.74201
0, 1107, 28.48303
0, 1108, 28.46400
0, 1109, 29.26098
0, 1110, 29.89003
0, 1111, 32.90897
0, 1112, 30.01995
0, 1113, 36.94497
0, 1114, 28.83496
0, 1115, 27.94601
0, 1116, 28.85300
0, 1117, 32.11199
0, 1118, 30.64900
0, 1119, 29.77897
0, 1120, 35.35305
0, 1121, 44.57501
0, 1122, 31.31600
0, 1123, 28.87099
0, 1124, 28.44502
0, 1125, 29.33496
0, 1126, 29.81599
0, 1127, 28.66796
0, 1128, 29.81704
0, 1129, 30.26105
0, 1130, 29.02000
0, 1131, 42.25997
0, 1132, 29.50103
0, 1133, 30.94499
0, 1134, 28.88996
0, 1135, 28.33501
0, 1136, 30.03799
0, 1137, 39.53801
0, 1138, 29.33403
0, 1139, 30.27903
0, 1140, 28.79800
0, 1141, 28.85399
0, 1142, 30.55598
0, 1143, 32.89104
0, 1144, 31.89004
0, 1145, 30.27903
0, 1146, 32.77899
0, 1147, 30.22304
0, 1148, 32.81601
0, 1149, 29.77897
0, 1150, 33.46404
0, 1151, 29.85301
0, 1152, 33.44500
0, 1153, 29.57600
0, 1154, 29.85301
0, 1155, 37.03799
0, 1156, 28.90906
0, 1157, 31.96496
0, 1158, 28.57500
0, 1159, 29.18700
0, 1160, 30.22397
0, 1161, 42.13104
0, 1162, 29.66803
0, 1163, 28.52000
0, 1164, 28.40899
0, 1165, 29.48304
0, 1166, 30.13101
0, 1167, 33.18604
0, 1168, 29.02000
0, 1169, 37.40900
0, 1170, 29.50103
0, 1171, 28.64898
0, 1172, 29.79800
0, 1173, 31.35302
0, 1174, 33.24198
0, 1175, 30.22298
0, 1176, 29.40900
0, 1177, 32.14901
0, 1178, 30.13101
0, 1179, 33.55700
0, 1180, 33.77900
0, 1181, 30.27897
0, 1182, 31.55698
0, 1183, 37.15004
0, 1184, 29.68700
0, 1185, 28.68600
0, 1186, 29.29701
0, 1187, 30.38998
0, 1188, 30.57601
0, 1189, 32.55699
0, 1190, 29.75999
1, 0, 20.85096
1, 1, 12.14700
1, 2, 12.81301
1, 3, 12.86900
1, 4, 12.48000
1, 5, 11.01800
1, 6, 12.38699
1, 7, 12.27703
1, 8, 12.33198
1, 9, 17.09203
1, 10, 17.40600
1, 11, 16.83201
1, 12, 31.62799
1, 13, 41.03598
1, 14, 28.53600
1, 15, 27.77698
1, 16, 31.85105
1, 17, 40.38801
1, 18, 28.60999
1, 19, 27.42400
1, 20, 31.75803
1, 21, 42.18401
1, 22, 28.70195
1, 23, 27.62901
1, 24, 31.94400
1, 25, 40.70204
1, 26, 28.53600
1, 27, 27.64700
1, 28, 31.96100
1, 29, 38.47997
1, 30, 30.07303
1, 31, 28.55498
1, 32, 32.99797
1, 33, 32.55396
1, 34, 32.46199
1, 35, 41.49803
1, 36, 29.55504
1, 37, 28.74002
1, 38, 29.88799
1, 39, 38.72002
1, 40, 28.60900
1, 41, 28.94299
1, 42, 31.79499
1, 43, 40.25798
1, 44, 28.99899
1, 45, 36.57297
1, 46, 28.59101
1, 47, 36.70201
1, 48, 28.27599
1, 49, 27.83198
1, 50, 32.14697
1, 51, 39.90600
1, 52, 30.25802
1, 53, 36.25696
1, 54, 28.48001
1, 55, 37.12798
1, 56, 28.48001
1, 57, 28.49799
1, 58, 31.55401
1, 59, 38.20301
1, 60, 30.40598
1, 61, 36.53502
1, 62, 28.57302
1, 63, 37.46197
1, 64, 28.38699
1, 65, 27.66597
1, 66, 31.55500
1, 67, 39.72095
1, 68, 28.48001
1, 69, 28.92500
1, 70, 31.75797
1, 71, 39.86903
1, 72, 28.74002
1, 73, 36.48001
1, 74, 28.40597
1, 75, 36.53601
1, 76, 28.33199
1, 77, 28.16604
1, 78, 32.07299
1, 79, 38.47997
1, 80, 29.27699
1, 81, 32.64704
1, 82, 31.51699
1, 83, 31.59097
1, 84, 31.16600
1, 85, 39.53597
1, 86, 28.62896
1, 87, 38.09201
1, 88, 28.70201
1, 89, 27.57302
1, 90, 31.75803
1, 91, 39.88801
1, 92, 28.62797
1, 93, 36.66598
1, 94, 28.42500
1, 95, 67.73898
1, 96, 28.61004
1, 97, 27.55404
1, 98, 27.46201
1, 99, 28.81296
1, 100, 32.98004
1, 101, 33.55403
1, 102, 32.25798
1, 103, 40.75798
1, 104, 28.70300
1, 105, 27.55497
1, 106, 32.66502
1, 107, 30.88800
1, 108, 31.57299
1, 109, 39.98097
1, 110, 28.57302
1, 111, 27.77703
1, 112, 32.25798
1, 113, 40.59203
1, 114, 28.53496
1, 115, 27.68402
1, 116, 32.22096
1, 117, 30.86902
1, 118, 31.42497
1, 119, 41.99798
1, 120, 28.38699
1, 121, 27.55497
1, 122, 32.09098
1, 123, 40.31397
1, 124, 28.59200
1, 125, 28.07401
1, 126, 32.05396
1, 127, 39.75797
1, 128, 28.01702
1, 129, 40.53604
1, 130, 30.27600
1, 131, 32.20198
1, 132, 31.64703
1, 133, 40.38702
1, 134, 28.81400
1, 135, 31.25797
1, 136, 31.68399
1, 137, 40.03603
1, 138, 28.53600
1, 139, 30.94301
1, 140, 31.96199
1, 141, 40.29500
1, 142, 28.73903
1, 143, 27.61004
1, 144, 31.96199
1, 145, 40.12800
1, 146, 28.70300
1, 147, 27.60998
1, 148, 31.98102
1, 149, 39.96100
1, 150, 28.57302
1, 151, 27.49903
1, 152, 32.07299
1, 153, 30.92502
1, 154, 31.33300
1, 155, 39.42503
1, 156, 28.33303
1, 157, 27.79601
1, 158, 31.99901
1, 159, 42.14699
1, 160, 28.07302
1, 161, 36.64701
1, 162, 28.42500
1, 163, 27.86900
1, 164, 32.22200
1, 165, 39.96199
1, 166, 28.42500
1, 167, 36.99905
1, 168, 28.44398
1, 169, 28.64701
1, 170, 32.12800
1, 171, 39.92497
1, 172, 28.75801
1, 173, 36.72099
1, 174, 28.36901
1, 175, 36.62902
1, 176, 28.31400
1, 177, 27.74001
1, 178, 31.79499
1, 179, 40.88802
1, 180, 28.40701
1, 181, 37.46203
1, 182, 28.35096
1, 183, 28.07302
1, 184, 32.16601
1, 185, 39.40698
1, 186, 28.40603
1, 187, 36.29602
1, 188, 28.29502
1, 189, 37.03601
1, 190, 28.49904
1, 191, 27.20299
1, 192, 32.05402
1, 193, 39.59197
1, 194, 28.42500
1, 195, 36.14700
1, 196, 28.51802
1, 197, 36.59200
1, 198, 28.51697
1, 199, 29.59201
1, 200, 32.20303
1, 201, 41.31404
1, 202, 28.46202
1, 203, 28.62902
1, 204, 31.83300
1, 205, 39.98004
1, 206, 28.77698
1, 207, 37.48101
1, 208, 28.29601
1, 209, 27.62901
1, 210, 32.01700
1, 211, 40.12899
1, 212, 28.62902
1, 213, 36.99905
1, 214, 28.11004
1, 215, 27.64700
1, 216, 27.79502
1, 217, 40.25897
1, 218, 29.09200
1, 219, 31.33300
1, 220, 31.68399
1, 221, 41.11002
1, 222, 28.48001
1, 223, 27.62802
1, 224, 27.61004
1, 225, 39.99901
1, 226, 28.94398
1, 227, 36.68403
1, 228, 28.31400
1, 229, 36.12902
1, 230, 29.83200
1, 231, 31.94400
1, 232, 31.83201
1, 233, 31.12898
1, 234, 31.16501
1, 235, 39.62899
1, 236, 28.29601
1, 237, 27.61004
1, 238, 32.07299
1, 239, 41.99903
1, 240, 28.42500
1, 241, 36.12902
1, 242, 28.09095
1, 243, 28.70300
1, 244, 32.20297
1, 245, 39.68399
1, 246, 28.40701
1, 247, 35.99898
1, 248, 28.24002
1, 249, 36.94398
1, 250, 28.31400
1, 251, 27.75899
1, 252, 31.99901
1, 253, 39.99901
1, 254, 28.38798
1, 255, 36.51802
1, 256, 28.11103
1, 257, 36.66598
1, 258, 28.29601
1, 259, 38.90698
1, 260, 27.94403
1, 261, 37.94399
1, 262, 28.00003
1, 263, 27.79496
1, 264, 32.14802
1, 265, 39.40704
1, 266, 29.79602
1, 267, 37.51698
1, 268, 28.27803
1, 269, 28.48100
1, 270, 31.98097
1, 271, 39.49901
1, 272, 29.72099
1, 273, 36.72099
1, 274, 28.38804
1, 275, 29.46302
1, 276, 31.75803
1, 277, 39.46199
1, 278, 28.40597
1, 279, 38.20301
1, 280, 27.99898
1, 281, 27.70299
1, 282, 31.96205
1, 283, 39.77701
1, 284, 28.36999
1, 285, 36.72204
1, 286, 28.29601
1, 287, 28.62902
1, 288, 31.88795
1, 289, 39.79499
1, 290, 28.75801
1, 291, 36.38798
1, 292, 28.40701
1, 293, 36.88805
1, 294, 27.98099
1, 295, 27.99904
1, 296, 31.96199
1, 297, 39.70303
1, 298, 28.66598
1, 299, 38.94301
1, 300, 28.38804
1, 301, 28.29595
1, 302, 32.09197
1, 303, 40.09203
1, 304, 28.98100
1, 305, 36.57297
1, 306, 28.20300
1, 307, 37.27699
1, 308, 28.62896
1, 309, 28.07395
1, 310, 31.90704
1, 311, 40.01805
1, 312, 28.68403
1, 313, 37.27804
1, 314, 28.31400
1, 315, 27.88804
1, 316, 31.83300
1, 317, 39.50000
1, 318, 28.57296
1, 319, 37.99999
1, 320, 28.27698
1, 321, 27.83297
1, 322, 31.68498
1, 323, 39.98097
1, 324, 28.53600
1, 325, 37.49998
1, 326, 28.12902
1, 327, 28.24002
1, 328, 27.72203
1, 329, 47.73999
1, 330, 30.16599
1, 331, 27.68501
1, 332, 31.75896
1, 333, 40.55396
1, 334, 28.27704
1, 335, 27.88897
1, 336, 31.53696
1, 337, 39.74098
1, 338, 28.46202
1, 339, 39.14802
1, 340, 28.35096
1, 341, 27.79502
1, 342, 31.75803
1, 343, 39.92602
1, 344, 28.75900
1, 345, 37.77699
1, 346, 28.24002
1, 347, 27.55503
1, 348, 32.01799
1, 349, 39.64802
1, 350, 28.35102
1, 351, 27.53704
1, 352, 31.94301
1, 353, 39.92602
1, 354, 28.25899
1, 355, 27.53600
1, 356, 31.59202
1, 357, 39.75902
1, 358, 28.42599
1, 359, 28.79602
1, 360, 31.73999
1, 361, 40.29500
1, 362, 33.40699
1, 363, 38.07298
1, 364, 28.37005
1, 365, 27.81498
1, 366, 32.23999
1, 367, 40.05501
1, 368, 28.38798
1, 369, 30.03700
1, 370, 31.90698
1, 371, 39.53702
1, 372, 28.66604
1, 373, 27.64700
1, 374, 32.07398
1, 375, 41.59198
1, 376, 28.90696
1, 377, 27.63000
1, 378, 31.79598
1, 379, 31.59202
1, 380, 32.77701
1, 381, 40.12899
1, 382, 28.66604
1, 383, 36.46301
1, 384, 28.49997
1, 385, 28.46196
1, 386, 32.25897
1, 387, 40.05501
1, 388, 28.70300
1, 389, 27.57401
1, 390, 32.05599
1, 391, 40.22102
1, 392, 28.74101
1, 393, 27.55503
1, 394, 31.66699
1, 395, 39.73999
1, 396, 28.59200
1, 397, 27.55497
1, 398, 31.86996
1, 399, 42.55497
1, 400, 28.40701
1, 401, 36.37000
1, 402, 28.46301
1, 403, 27.44403
1, 404, 32.38900
1, 405, 39.55500
1, 406, 28.50003
1, 407, 36.61098
1, 408, 28.36999
1, 409, 29.35103
1, 410, 31.87002
1, 411, 36.92501
1, 412, 29.38799
1, 413, 31.50000
1, 414, 31.44400
1, 415, 39.53603
1, 416, 28.27797
1, 417, 31.33300
1, 418, 31.18503
1, 419, 40.51799
1, 420, 28.53600
1, 421, 37.46302
1, 422, 28.20399
1, 423, 36.62995
1, 424, 28.40701
1, 425, 28.51802
1, 426, 31.86996
1, 427, 39.24103
1, 428, 28.68501
1, 429, 40.03603
1, 430, 33.09296
1, 431, 29.77699
1, 432, 31.33300
1, 433, 39.64796
1, 434, 28.59200
1, 435, 35.98100
1, 436, 28.22098
1, 437, 36.87000
1, 438, 27.94403
1, 439, 30.42601
1, 440, 32.98097
1, 441, 39.85105
1, 442, 28.51802
1, 443, 27.55596
1, 444, 31.85198
1, 445, 39.77800
1, 446, 28.51802
1, 447, 27.35200
1, 448, 31.79598
1, 449, 39.55500
1, 450, 28.40800
1, 451, 27.40701
1, 452, 31.94400
1, 453, 40.23999
1, 454, 28.53699
1, 455, 27.62901
1, 456, 31.48096
1, 457, 39.64802
1, 458, 28.48100
1, 459, 27.57401
1, 460, 32.74098
1, 461, 40.03702
1, 462, 28.42599
1, 463, 27.77698
1, 464, 31.77805
1, 465, 39.66601
1, 466, 28.75900
1, 467, 36.42599
1, 468, 28.70300
1, 469, 27.36999
1, 470, 31.92602
1, 471, 40.03696
1, 472, 28.46202
1, 473, 27.35101
1, 474, 31.94400
1, 475, 39.98097
1, 476, 28.35195
1, 477, 27.48099
1, 478, 32.29599
1, 479, 41.92598
1, 480, 28.51802
1, 481, 29.42600
1, 482, 31.87002
1, 483, 39.90704
1, 484, 28.50003
1, 485, 36.18501
1, 486, 28.25905
1, 487, 36.44497
1, 488, 28.27803
1, 489, 28.59200
1, 490, 32.00000
1, 491, 39.68498
1, 492, 28.61103
1, 493, 31.16600
1, 494, 31.07403
1, 495, 39.88801
1, 496, 28.42599
1, 497, 36.83304
1, 498, 28.51901
1, 499, 29.53700
1, 500, 32.79599
1, 501, 39.70402
1, 502, 28.49898
1, 503, 36.90696
1, 504, 28.74002
1, 505, 27.63000
1, 506, 32.23999
1, 507, 36.92600
1, 508, 28.59200
1, 509, 31.62898
1, 510, 31.73999
1, 511, 40.22300
1, 512, 28.51796
1, 513, 27.86999
1, 514, 32.24104
1, 515, 36.64800
1, 516, 28.48199
1, 517, 37.20301
1, 518, 28.22203
1, 519, 27.72203
1, 520, 32.96200
1, 521, 39.57404
1, 522, 28.74095
1, 523, 27.66603
1, 524, 32.16601
1, 525, 40.01898
1, 526, 28.72203
1, 527, 27.79595
1, 528, 31.92602
1, 529, 48.03702
1, 530, 30.24102
1, 531, 28.81499
1, 532, 28.92500
1, 533, 38.31501
1, 534, 29.18502
1, 535, 28.31505
1, 536, 32.18498
1, 537, 31.77800
1, 538, 32.07404
1, 539, 41.79600
1, 540, 28.35201
1, 541, 36.57402
1, 542, 28.31499
1, 543, 27.66696
1, 544, 32.07404
1, 545, 39.50000
1, 546, 28.59299
1, 547, 31.37002
1, 548, 31.22200
1, 549, 40.42597
1, 550, 28.66604
1, 551, 37.12903
1, 552, 28.38897
1, 553, 28.88798
1, 554, 31.88900
1, 555, 39.25902
1, 556, 28.96301
1, 557, 31.27799
1, 558, 31.11099
1, 559, 40.40699
1, 560, 29.18502
1, 561, 31.79598
1, 562, 30.98096
1, 563, 39.63003
1, 564, 28.51901
1, 565, 36.98100
1, 566, 28.22203
1, 567, 27.63000
1, 568, 32.05599
1, 569, 39.88801
1, 570, 28.75900
1, 571, 27.63000
1, 572, 31.61100
1, 573, 39.64796
1, 574, 29.01802
1, 575, 31.25995
1, 576, 31.22200
1, 577, 39.48201
1, 578, 28.42599
1, 579, 31.72200
1, 580, 33.74099
1, 581, 40.57399
1, 582, 29.29701
1, 583, 28.40701
1, 584, 32.42602
1, 585, 40.64797
1, 586, 29.40702
1, 587, 28.53699
1, 588, 32.77800
1, 589, 40.81497
1, 590, 29.46302
1, 591, 28.40800
1, 592, 32.38900
1, 593, 40.62998
1, 594, 29.37000
1, 595, 28.33297
1, 596, 33.37003
1, 597, 37.51902
1, 598, 29.27798
1, 599, 28.14805
1, 600, 35.57500
1, 601, 39.50000
1, 602, 28.53798
1, 603, 27.94502
1, 604, 32.20402
1, 605, 40.09296
1, 606, 28.55603
1, 607, 27.88897
1, 608, 32.03702
1, 609, 39.68603
1, 610, 28.46301
1, 611, 27.59298
1, 612, 31.98102
1, 613, 40.20396
1, 614, 28.90702
1, 615, 27.66696
1, 616, 31.73999
1, 617, 40.12998
1, 618, 28.61097
1, 619, 27.72296
1, 620, 33.35199
1, 621, 31.01903
1, 622, 31.50000
1, 623, 39.53702
1, 624, 28.74101
1, 625, 29.38898
1, 626, 32.24098
1, 627, 39.66700
1, 628, 28.72198
1, 629, 44.85202
1, 630, 29.63002
1, 631, 27.83297
1, 632, 32.14901
1, 633, 36.99998
1, 634, 28.35195
1, 635, 27.92599
1, 636, 32.12998
1, 637, 39.92596
1, 638, 28.61097
1, 639, 27.64799
1, 640, 32.75903
1, 641, 39.40797
1, 642, 28.66697
1, 643, 29.18601
1, 644, 32.12998
1, 645, 40.03696
1, 646, 28.70399
1, 647, 27.81498
1, 648, 31.94400
1, 649, 39.83405
1, 650, 28.48199
1, 651, 27.55602
1, 652, 32.33301
1, 653, 39.57404
1, 654, 28.05503
1, 655, 27.77802
1, 656, 32.37003
1, 657, 31.26001
1, 658, 31.61100
1, 659, 42.11102
1, 660, 28.27797
1, 661, 37.51902
1, 662, 28.38897
1, 663, 28.05602
1, 664, 31.87101
1, 665, 39.81496
1, 666, 28.81604
1, 667, 36.35201
1, 668, 28.29601
1, 669, 37.07396
1, 670, 28.33402
1, 671, 27.92599
1, 672, 31.85198
1, 673, 39.35198
1, 674, 29.18502
1, 675, 42.59304
1, 676, 20.16702
1, 677, 18.96300
1, 678, 26.35199
1, 679, 33.50001
1, 680, 29.50004
1, 681, 38.36995
1, 682, 28.83403
1, 683, 27.94496
1, 684, 32.79599
1, 685, 40.68499
1, 686, 28.98199
1, 687, 28.59299
1, 688, 32.16700
1, 689, 39.98202
1, 690, 28.76004
1, 691, 37.68601
1, 692, 28.40701
1, 693, 27.90800
1, 694, 32.16700
1, 695, 40.09302
1, 696, 28.77803
1, 697, 28.70399
1, 698, 32.33301
1, 699, 41.09303
1, 700, 29.03700
1, 701, 36.66697
1, 702, 28.72198
1, 703, 27.64799
1, 704, 31.96298
1, 705, 40.11100
1, 706, 28.75900
1, 707, 27.99997
1, 708, 31.96298
1, 709, 41.11101
1, 710, 28.76004
1, 711, 29.01901
1, 712, 32.38900
1, 713, 39.63003
1, 714, 28.59305
1, 715, 37.77798
1, 716, 28.57401
1, 717, 37.03700
1, 718, 28.33396
1, 719, 29.22297
1, 720, 33.48103
1, 721, 40.05600
1, 722, 28.48100
1, 723, 27.74100
1, 724, 31.74103
1, 725, 39.81502
1, 726, 28.35300
1, 727, 27.68600
1, 728, 31.61199
1, 729, 49.77802
1, 730, 29.96302
1, 731, 28.37098
1, 732, 29.40801
1, 733, 32.01897
1, 734, 34.11102
1, 735, 32.03696
1, 736, 32.24197
1, 737, 41.68605
1, 738, 29.40795
1, 739, 28.64799
1, 740, 34.46300
1, 741, 31.87101
1, 742, 32.18603
1, 743, 41.03802
1, 744, 29.22297
1, 745, 28.55702
1, 746, 32.86997
1, 747, 40.92603
1, 748, 29.33397
1, 749, 28.25899
1, 750, 32.46397
1, 751, 40.70402
1, 752, 29.11203
1, 753, 28.98199
1, 754, 32.51898
1, 755, 40.50001
1, 756, 29.05597
1, 757, 37.18502
1, 758, 29.01802
1, 759, 28.33303
1, 760, 33.68604
1, 761, 31.72200
1, 762, 32.42602
1, 763, 40.64803
1, 764, 29.13001
1, 765, 28.40800
1, 766, 32.33301
1, 767, 31.76001
1, 768, 31.87101
1, 769, 40.51904
1, 770, 29.31500
1, 771, 28.50102
1, 772, 32.62998
1, 773, 31.83405
1, 774, 32.01897
1, 775, 31.64901
1, 776, 32.55600
1, 777, 41.20403
1, 778, 29.29701
1, 779, 28.83397
1, 780, 34.38902
1, 781, 32.03801
1, 782, 32.27899
1, 783, 40.55600
1, 784, 29.38898
1, 785, 28.29700
1, 786, 32.38900
1, 787, 40.64902
1, 788, 29.14899
1, 789, 28.07401
1, 790, 32.94500
1, 791, 40.68598
1, 792, 29.83398
1, 793, 27.99997
1, 794, 32.20501
1, 795, 40.25897
1, 796, 29.05603
1, 797, 29.01901
1, 798, 27.90800
1, 799, 42.75899
1, 800, 29.94498
1, 801, 31.68498
1, 802, 31.37095
1, 803, 39.09301
1, 804, 28.94503
1, 805, 31.46402
1, 806, 27.76004
1, 807, 40.16700
1, 808, 29.64899
1, 809, 31.26001
1, 810, 31.40803
1, 811, 39.62998
1, 812, 28.14898
1, 813, 28.62995
1, 814, 31.59295
1, 815, 39.70396
1, 816, 28.59305
1, 817, 36.25999
1, 818, 28.03699
1, 819, 38.77799
1, 820, 28.59404
1, 821, 27.57499
1, 822, 31.94499
1, 823, 39.55599
1, 824, 28.77803
1, 825, 28.89002
1, 826, 31.74098
1, 827, 39.59301
1, 828, 28.50102
1, 829, 44.66698
1, 830, 29.81599
1, 831, 27.81597
1, 832, 32.74203
1, 833, 37.09299
1, 834, 28.31499
1, 835, 28.18600
1, 836, 31.87101
1, 837, 39.27799
1, 838, 28.72297
1, 839, 39.64901
1, 840, 28.57500
1, 841, 28.94602
1, 842, 32.01903
1, 843, 39.76001
1, 844, 28.61202
1, 845, 38.51897
1, 846, 28.50096
1, 847, 27.85299
1, 848, 31.50000
1, 849, 39.87101
1, 850, 28.64799
1, 851, 36.48199
1, 852, 28.27896
1, 853, 27.53803
1, 854, 31.98201
1, 855, 39.70402
1, 856, 28.40800
1, 857, 36.57500
1, 858, 28.46301
1, 859, 30.09300
1, 860, 33.31497
1, 861, 40.14901
1, 862, 28.68600
1, 863, 27.79700
1, 864, 32.33405
1, 865, 40.20402
1, 866, 28.85300
1, 867, 27.72302
1, 868, 31.88999
1, 869, 40.24197
1, 870, 28.77902
1, 871, 37.59300
1, 872, 28.66802
1, 873, 27.46300
1, 874, 31.85198
1, 875, 40.00000
1, 876, 28.68600
1, 877, 37.75895
1, 878, 28.63001
1, 879, 29.87100
1, 880, 42.42598
1, 881, 29.70499
1, 882, 32.09400
1, 883, 40.13004
1, 884, 28.61202
1, 885, 36.57500
1, 886, 28.51901
1, 887, 27.77796
1, 888, 31.81502
1, 889, 40.01904
1, 890, 28.64898
1, 891, 27.81498
1, 892, 32.00099
1, 893, 30.94499
1, 894, 31.53702
1, 895, 28.52000
1, 896, 31.50000
1, 897, 39.29703
1, 898, 28.38897
1, 899, 27.63099
1, 900, 32.88999
1, 901, 29.07402
1, 902, 31.87101
1, 903, 30.92700
1, 904, 31.53800
1, 905, 39.66700
1, 906, 28.48199
1, 907, 27.72302
1, 908, 29.07501
1, 909, 31.64901
1, 910, 27.90800
1, 911, 30.85197
1, 912, 31.03800
1, 913, 39.14901
1, 914, 28.57500
1, 915, 29.07501
1, 916, 31.85302
1, 917, 28.40800
1, 918, 32.29697
1, 919, 42.07505
1, 920, 34.37103
1, 921, 40.01898
1, 922, 33.79699
1, 923, 29.70400
1, 924, 30.03799
1, 925, 38.68602
1, 926, 28.88996
1, 927, 27.96400
1, 928, 29.96395
1, 929, 40.57504
1, 930, 28.96400
1, 931, 28.00102
1, 932, 28.51895
1, 933, 31.79697
1, 934, 32.14901
1, 935, 37.11203
1, 936, 28.14904
1, 937, 27.94502
1, 938, 27.85200
1, 939, 32.16799
1, 940, 32.81601
1, 941, 27.64898
1, 942, 31.94499
1, 943, 30.76000
1, 944, 32.90804
1, 945, 27.61201
1, 946, 31.27904
1, 947, 30.70500
1, 948, 31.37101
1, 949, 37.85301
1, 950, 28.46301
1, 951, 27.70503
1, 952, 28.88897
1, 953, 31.61199
1, 954, 27.98198
1, 955, 39.89005
1, 956, 28.66802
1, 957, 28.55597
1, 958, 28.66802
1, 959, 31.35296
1, 960, 32.57497
1, 961, 29.05597
1, 962, 31.64901
1, 963, 30.52001
1, 964, 31.37101
1, 965, 37.18700
1, 966, 28.48199
1, 967, 29.03799
1, 968, 29.92600
1, 969, 31.40902
1, 970, 29.40795
1, 971, 30.96402
1, 972, 31.31600
1, 973, 36.90900
1, 974, 28.40795
1, 975, 28.64904
1, 976, 32.01897
1, 977, 27.59397
1, 978, 31.27898
1, 979, 39.24196
1, 980, 28.24101
1, 981, 27.87203
1, 982, 29.74201
1, 983, 37.83398
1, 984, 28.61196
1, 985, 27.79700
1, 986, 29.61197
1, 987, 37.37198
1, 988, 28.35300
1, 989, 29.18595
1, 990, 27.98198
1, 991, 40.35204
1, 992, 28.27902
1, 993, 27.92698
1, 994, 30.29702
1, 995, 38.38998
1, 996, 28.05701
1, 997, 27.59298
1, 998, 28.57500
1, 999, 39.48201
1, 1000, 28.16697
1, 1001, 27.72302
1, 1002, 29.40801
1, 1003, 30.52001
1, 1004, 32.59302
1, 1005, 38.53800
1, 1006, 28.29700
1, 1007, 27.72302
1, 1008, 29.25999
1, 1009, 31.65005
1, 1010, 30.48299
1, 1011, 31.87200
1, 1012, 32.05605
1, 1013, 38.46396
1, 1014, 28.63100
1, 1015, 28.29700
1, 1016, 28.26103
1, 1017, 31.98195
1, 1018, 32.18597
1, 1019, 31.94598
1, 1020, 32.74197
1, 1021, 28.39002
1, 1022, 29.09398
1, 1023, 41.14896
1, 1024, 28.35300
1, 1025, 28.00102
1, 1026, 29.13001
1, 1027, 31.59400
1, 1028, 31.59400
1, 1029, 45.07501
1, 1030, 29.98200
1, 1031, 27.79700
1, 1032, 27.77895
1, 1033, 29.44497
1, 1034, 29.46401
1, 1035, 37.09398
1, 1036, 28.09397
1, 1037, 27.35299
1, 1038, 32.81601
1, 1039, 39.05698
1, 1040, 28.87204
1, 1041, 27.64898
1, 1042, 30.00097
1, 1043, 29.48298
1, 1044, 33.26002
1, 1045, 29.03898
1, 1046, 32.48295
1, 1047, 38.68701
1, 1048, 28.68600
1, 1049, 28.03804
1, 1050, 29.22297
1, 1051, 37.83497
1, 1052, 28.75999
1, 1053, 27.85299
1, 1054, 28.39002
1, 1055, 40.31601
1, 1056, 28.79695
1, 1057, 28.22302
1, 1058, 28.64997
1, 1059, 31.14999
1, 1060, 32.37200
1, 1061, 36.52000
1, 1062, 28.22296
1, 1063, 27.59298
1, 1064, 29.16802
1, 1065, 31.98201
1, 1066, 31.37101
1, 1067, 37.11203
1, 1068, 28.51901
1, 1069, 27.98303
1, 1070, 30.42700
1, 1071, 31.42700
1, 1072, 28.00096
1, 1073, 40.03900
1, 1074, 28.81604
1, 1075, 27.74199
1, 1076, 27.89001
1, 1077, 31.18701
1, 1078, 31.57497
1, 1079, 33.18598
1, 1080, 32.37101
1, 1081, 29.11197
1, 1082, 32.35297
1, 1083, 36.24200
1, 1084, 28.48303
1, 1085, 29.46401
1, 1086, 31.81600
1, 1087, 28.26004
1, 1088, 31.94499
1, 1089, 27.48303
1, 1090, 31.31600
1, 1091, 31.96403
1, 1092, 31.31600
1, 1093, 30.68596
1, 1094, 31.35302
1, 1095, 37.12996
1, 1096, 28.18699
1, 1097, 27.85299
1, 1098, 28.05695
1, 1099, 42.50101
1, 1100, 28.70504
1, 1101, 27.50200
1, 1102, 28.68600
1, 1103, 36.29799
1, 1104, 28.88996
1, 1105, 28.15003
1, 1106, 32.24203
1, 1107, 28.11202
1, 1108, 32.13102
1, 1109, 37.09305
1, 1110, 28.44601
1, 1111, 29.00097
1, 1112, 32.22404
1, 1113, 28.57500
1, 1114, 32.20495
1, 1115, 36.31604
1, 1116, 28.09397
1, 1117, 28.48298
1, 1118, 27.96400
1, 1119, 40.27899
1, 1120, 28.50096
1, 1121, 28.00102
1, 1122, 27.98297
1, 1123, 40.42800
1, 1124, 28.29700
1, 1125, 28.29799
1, 1126, 28.33501
1, 1127, 40.50198
1, 1128, 28.50201
1, 1129, 37.18595
1, 1130, 29.31604
1, 1131, 28.13099
1, 1132, 28.68600
1, 1133, 31.51903
1, 1134, 28.29805
1, 1135, 40.33400
1, 1136, 28.52000
1, 1137, 27.68600
1, 1138, 28.64898
1, 1139, 33.98203
1, 1140, 29.03804
1, 1141, 41.07603
1, 1142, 29.29701
1, 1143, 28.66802
1, 1144, 29.63101
1, 1145, 32.37101
1, 1146, 31.14900
1, 1147, 36.98199
1, 1148, 29.00102
1, 1149, 28.48298
1, 1150, 30.74202
1, 1151, 32.35303
1, 1152, 30.31599
1, 1153, 37.05702
1, 1154, 29.00102
1, 1155, 28.37098
1, 1156, 29.02000
1, 1157, 30.44603
1, 1158, 28.48298
1, 1159, 43.03798
1, 1160, 28.92704
1, 1161, 27.72302
1, 1162, 29.18700
1, 1163, 31.33405
1, 1164, 31.79802
1, 1165, 37.66797
1, 1166, 28.40899
1, 1167, 28.01900
1, 1168, 29.11302
1, 1169, 31.72398
1, 1170, 31.94598
1, 1171, 36.57500
1, 1172, 28.64997
1, 1173, 28.70504
1, 1174, 30.03898
1, 1175, 31.26001
1, 1176, 31.66798
1, 1177, 36.35300
1, 1178, 28.55696
1, 1179, 30.24195
1, 1180, 29.52000
1, 1181, 31.77898
1, 1182, 33.83401
1, 1183, 31.94598
1, 1184, 29.40795
1, 1185, 31.70500
1, 1186, 32.29802
1, 1187, 29.98299
1, 1188, 32.61304
1, 1189, 29.94603
1, 1190, 32.57596
2, 0, 20.47995
2, 1, 15.27595
2, 2, 11.57202
2, 3, 11.75799
2, 4, 11.88803
2, 5, 12.75800
2, 6, 11.35101
2, 7, 11.96195
2, 8, 11.35002
2, 9, 13.53601
2, 10, 19.07301
2, 11, 25.05402
2, 12, 30.05400
2, 13, 28.46202
2, 14, 32.03603
2, 15, 40.66497
2, 16, 28.60999
2, 17, 27.81400
2, 18, 31.66501
2, 19, 38.64702
2, 20, 28.70300
2, 21, 29.51698
2, 22, 31.81397
2, 23, 39.97998
2, 24, 28.35096
2, 25, 29.16500
2, 26, 31.83195
2, 27, 39.88702
2, 28, 28.49898
2, 29, 26.90700
2, 30, 31.49901
2, 31, 40.49896
2, 32, 28.46103
2, 33, 38.64696
2, 34, 28.36901
2, 35, 28.79503
2, 36, 31.48003
2, 37, 36.79497
2, 38, 32.18399
2, 39, 29.25795
2, 40, 32.38702
2, 41, 42.25799
2, 42, 29.59096
2, 43, 28.60905
2, 44, 32.47998
2, 45, 31.79499
2, 46, 32.36898
2, 47, 31.55500
2, 48, 32.14703
2, 49, 41.05403
2, 50, 30.57199
2, 51, 28.73903
2, 52, 32.83202
2, 53, 32.09098
2, 54, 32.18399
2, 55, 31.73999
2, 56, 32.23900
2, 57, 40.66502
2, 58, 29.42501
2, 59, 28.01702
2, 60, 32.77701
2, 61, 32.92498
2, 62, 31.77701
2, 63, 31.42497
2, 64, 32.18498
2, 65, 40.49902
2, 66, 29.29497
2, 67, 28.55498
2, 68, 33.05501
2, 69, 38.01698
2, 70, 29.60999
2, 71, 28.36901
2, 72, 32.59098
2, 73, 31.64598
2, 74, 32.22101
2, 75, 31.62898
2, 76, 32.05402
2, 77, 40.84995
2, 78, 29.25801
2, 79, 28.55399
2, 80, 32.94395
2, 81, 37.59102
2, 82, 29.22105
2, 83, 37.14695
2, 84, 29.42495
2, 85, 28.27599
2, 86, 32.35099
2, 87, 31.77602
2, 88, 32.29604
2, 89, 40.98103
2, 90, 29.57297
2, 91, 28.33297
2, 92, 33.66602
2, 93, 28.27599
2, 94, 32.44296
2, 95, 41.85101
2, 96, 33.20298
2, 97, 40.75798
2, 98, 32.94302
2, 99, 41.73901
2, 100, 28.79503
2, 101, 36.72099
2, 102, 28.64701
2, 103, 28.55399
2, 104, 31.68399
2, 105, 39.77695
2, 106, 28.72099
2, 107, 35.99898
2, 108, 28.42500
2, 109, 27.59100
2, 110, 31.72101
2, 111, 39.68399
2, 112, 28.44299
2, 113, 27.55404
2, 114, 31.77602
2, 115, 39.57299
2, 116, 28.61004
2, 117, 35.72098
2, 118, 28.42500
2, 119, 29.70202
2, 120, 28.36901
2, 121, 42.24001
2, 122, 29.36901
2, 123, 28.66499
2, 124, 33.09099
2, 125, 40.53598
2, 126, 29.27600
2, 127, 28.66598
2, 128, 33.68401
2, 129, 37.68503
2, 130, 34.07301
2, 131, 38.98102
2, 132, 29.53601
2, 133, 29.88799
2, 134, 33.88796
2, 135, 37.90598
2, 136, 29.44398
2, 137, 28.40597
2, 138, 32.51700
2, 139, 41.40601
2, 140, 28.38699
2, 141, 27.59199
2, 142, 31.81397
2, 143, 39.53603
2, 144, 28.75801
2, 145, 27.59205
2, 146, 31.55500
2, 147, 39.46205
2, 148, 28.73897
2, 149, 28.31400
2, 150, 31.46199
2, 151, 39.24004
2, 152, 28.51802
2, 153, 36.09200
2, 154, 28.25800
2, 155, 27.64700
2, 156, 31.81403
2, 157, 39.64703
2, 158, 28.57302
2, 159, 29.70301
2, 160, 32.90600
2, 161, 32.79500
2, 162, 32.66601
2, 163, 40.44296
2, 164, 29.48100
2, 165, 28.20300
2, 166, 32.48004
2, 167, 31.70302
2, 168, 32.11001
2, 169, 40.90600
2, 170, 29.61005
2, 171, 28.36901
2, 172, 32.48103
2, 173, 31.51804
2, 174, 31.99901
2, 175, 34.01695
2, 176, 28.94299
2, 177, 41.25799
2, 178, 29.40597
2, 179, 28.51796
2, 180, 32.57305
2, 181, 32.88802
2, 182, 31.98097
2, 183, 41.05502
2, 184, 29.44299
2, 185, 28.27704
2, 186, 32.18405
2, 187, 31.64703
2, 188, 32.12800
2, 189, 31.66501
2, 190, 31.86897
2, 191, 40.36898
2, 192, 29.40702
2, 193, 28.57302
2, 194, 32.66502
2, 195, 31.40704
2, 196, 32.14796
2, 197, 31.31396
2, 198, 32.01799
2, 199, 41.92505
2, 200, 29.44404
2, 201, 28.42500
2, 202, 32.42503
2, 203, 40.92498
2, 204, 29.42495
2, 205, 28.59101
2, 206, 32.29500
2, 207, 31.51699
2, 208, 31.90698
2, 209, 40.36997
2, 210, 29.44398
2, 211, 28.48100
2, 212, 32.35099
2, 213, 31.38800
2, 214, 32.07299
2, 215, 40.18400
2, 216, 29.03601
2, 217, 27.68402
2, 218, 32.03702
2, 219, 38.46198
2, 220, 28.57302
2, 221, 27.44403
2, 222, 31.83300
2, 223, 39.50000
2, 224, 28.70300
2, 225, 27.66597
2, 226, 32.01700
2, 227, 30.66600
2, 228, 30.99900
2, 229, 39.66601
2, 230, 32.23999
2, 231, 36.38798
2, 232, 28.66604
2, 233, 36.42500
2, 234, 28.25899
2, 235, 27.51801
2, 236, 31.66600
2, 237, 39.87002
2, 238, 28.62902
2, 239, 29.83200
2, 240, 32.88802
2, 241, 32.68400
2, 242, 32.09197
2, 243, 41.03598
2, 244, 29.35097
2, 245, 28.44403
2, 246, 32.48097
2, 247, 31.55401
2, 248, 32.27701
2, 249, 31.48102
2, 250, 32.03597
2, 251, 40.48103
2, 252, 29.33298
2, 253, 28.51802
2, 254, 32.62899
2, 255, 31.70297
2, 256, 32.18399
2, 257, 31.64697
2, 258, 33.16602
2, 259, 32.86898
2, 260, 32.07305
2, 261, 34.22202
2, 262, 32.14802
2, 263, 41.24000
2, 264, 29.57402
2, 265, 28.64701
2, 266, 32.61002
2, 267, 31.57299
2, 268, 31.79499
2, 269, 41.83302
2, 270, 29.64701
2, 271, 28.35102
2, 272, 32.74005
2, 273, 31.51699
2, 274, 32.03603
2, 275, 41.25898
2, 276, 29.46197
2, 277, 28.14700
2, 278, 32.07305
2, 279, 31.59202
2, 280, 28.68403
2, 281, 42.07301
2, 282, 29.59201
2, 283, 28.57302
2, 284, 32.55501
2, 285, 31.94400
2, 286, 31.99901
2, 287, 41.11101
2, 288, 29.64701
2, 289, 28.79497
2, 290, 32.61101
2, 291, 31.72101
2, 292, 32.23999
2, 293, 31.51798
2, 294, 32.03597
2, 295, 40.22201
2, 296, 29.07297
2, 297, 28.24002
2, 298, 32.25798
2, 299, 32.62899
2, 300, 32.79500
2, 301, 41.24000
2, 302, 29.94399
2, 303, 28.68501
2, 304, 32.79500
2, 305, 31.50005
2, 306, 32.72201
2, 307, 31.81397
2, 308, 32.22200
2, 309, 41.11002
2, 310, 29.46203
2, 311, 28.46202
2, 312, 32.07299
2, 313, 31.64802
2, 314, 31.98097
2, 315, 40.75903
2, 316, 29.57297
2, 317, 28.25899
2, 318, 32.29599
2, 319, 31.77701
2, 320, 32.05501
2, 321, 40.23999
2, 322, 29.29602
2, 323, 28.40701
2, 324, 32.18399
2, 325, 31.66600
2, 326, 32.36898
2, 327, 40.49902
2, 328, 29.62903
2, 329, 28.33303
2, 330, 32.33301
2, 331, 40.31397
2, 332, 29.61098
2, 333, 28.35102
2, 334, 32.11100
2, 335, 40.68499
2, 336, 29.42501
2, 337, 28.22098
2, 338, 32.07398
2, 339, 32.57300
2, 340, 32.07398
2, 341, 41.75799
2, 342, 29.70295
2, 343, 27.74001
2, 344, 32.23999
2, 345, 31.20296
2, 346, 31.37002
2, 347, 39.38900
2, 348, 28.75900
2, 349, 27.50002
2, 350, 31.70297
2, 351, 39.40698
2, 352, 29.07402
2, 353, 27.61097
2, 354, 31.51798
2, 355, 39.96199
2, 356, 28.75900
2, 357, 27.36999
2, 358, 31.59196
2, 359, 50.70398
2, 360, 30.07397
2, 361, 28.09298
2, 362, 28.79497
2, 363, 31.50000
2, 364, 31.40698
2, 365, 40.22102
2, 366, 28.70300
2, 367, 27.79601
2, 368, 31.46204
2, 369, 41.24099
2, 370, 28.83298
2, 371, 28.24002
2, 372, 31.75902
2, 373, 39.59197
2, 374, 28.73996
2, 375, 27.66603
2, 376, 31.63003
2, 377, 39.77701
2, 378, 28.75801
2, 379, 39.59197
2, 380, 29.31500
2, 381, 28.20300
2, 382, 32.60996
2, 383, 32.25902
2, 384, 31.62898
2, 385, 40.11100
2, 386, 28.60999
2, 387, 27.75899
2, 388, 31.92503
2, 389, 40.18499
2, 390, 28.74002
2, 391, 27.75800
2, 392, 31.81403
2, 393, 39.38900
2, 394, 28.59299
2, 395, 27.68402
2, 396, 31.72200
2, 397, 39.59202
2, 398, 28.70300
2, 399, 29.96302
2, 400, 34.01905
2, 401, 31.66600
2, 402, 31.87002
2, 403, 40.44401
2, 404, 29.51797
2, 405, 28.42599
2, 406, 32.64803
2, 407, 31.50000
2, 408, 31.96298
2, 409, 41.18499
2, 410, 29.51901
2, 411, 28.38804
2, 412, 32.68499
2, 413, 38.51798
2, 414, 29.25900
2, 415, 28.44398
2, 416, 32.66700
2, 417, 38.68503
2, 418, 29.38898
2, 419, 28.51802
2, 420, 33.88802
2, 421, 31.59301
2, 422, 31.96298
2, 423, 32.59203
2, 424, 32.77701
2, 425, 40.72195
2, 426, 29.42600
2, 427, 28.57401
2, 428, 32.70297
2, 429, 39.83300
2, 430, 30.33299
2, 431, 41.33302
2, 432, 29.44404
2, 433, 28.40701
2, 434, 32.57398
2, 435, 31.50000
2, 436, 32.00000
2, 437, 31.48102
2, 438, 32.20303
2, 439, 41.72202
2, 440, 28.70300
2, 441, 27.70299
2, 442, 32.05599
2, 443, 39.70303
2, 444, 28.62896
2, 445, 27.90800
2, 446, 31.88900
2, 447, 39.83300
2, 448, 28.48100
2, 449, 27.63000
2, 450, 31.79598
2, 451, 39.57299
2, 452, 28.48199
2, 453, 27.81400
2, 454, 31.74103
2, 455, 39.68399
2, 456, 28.62902
2, 457, 27.61103
2, 458, 31.70302
2, 459, 38.35203
2, 460, 29.24101
2, 461, 29.53700
2, 462, 32.85198
2, 463, 40.85199
2, 464, 29.40702
2, 465, 28.72198
2, 466, 32.83295
2, 467, 27.88902
2, 468, 31.72200
2, 469, 40.20402
2, 470, 28.61103
2, 471, 27.72197
2, 472, 31.99895
2, 473, 39.66700
2, 474, 28.57395
2, 475, 27.44397
2, 476, 31.68498
2, 477, 39.68498
2, 478, 28.57401
2, 479, 30.27798
2, 480, 33.99996
2, 481, 40.96299
2, 482, 29.64800
2, 483, 28.59200
2, 484, 32.42602
2, 485, 31.46303
2, 486, 32.13004
2, 487, 31.66699
2, 488, 32.27800
2, 489, 40.79599
2, 490, 29.72204
2, 491, 28.68501
2, 492, 32.75897
2, 493, 37.61098
2, 494, 29.75900
2, 495, 28.66703
2, 496, 32.83400
2, 497, 31.64802
2, 498, 32.01799
2, 499, 42.29600
2, 500, 29.38898
2, 501, 28.44502
2, 502, 32.59203
2, 503, 31.35203
2, 504, 32.27701
2, 505, 40.36997
2, 506, 29.53601
2, 507, 29.05498
2, 508, 31.96304
2, 509, 37.37001
2, 510, 28.77797
2, 511, 27.96301
2, 512, 32.09197
2, 513, 39.64796
2, 514, 28.81505
2, 515, 27.62901
2, 516, 31.51798
2, 517, 31.14801
2, 518, 30.92601
2, 519, 40.53697
2, 520, 28.96301
2, 521, 27.50002
2, 522, 31.64895
2, 523, 39.72200
2, 524, 28.48100
2, 525, 27.92599
2, 526, 31.51897
2, 527, 39.74098
2, 528, 28.68501
2, 529, 28.66598
2, 530, 31.87101
2, 531, 39.14802
2, 532, 31.96298
2, 533, 31.16606
2, 534, 31.27700
2, 535, 39.57398
2, 536, 28.83304
2, 537, 37.01895
2, 538, 28.12902
2, 539, 31.70401
2, 540, 33.88901
2, 541, 31.57398
2, 542, 31.87002
2, 543, 40.70303
2, 544, 29.68502
2, 545, 28.81499
2, 546, 32.62905
2, 547, 37.42600
2, 548, 29.27798
2, 549, 29.99998
2, 550, 32.96299
2, 551, 31.94499
2, 552, 32.29604
2, 553, 40.70397
2, 554, 29.66698
2, 555, 28.42599
2, 556, 32.85204
2, 557, 39.61100
2, 558, 29.92600
2, 559, 28.68501
2, 560, 34.66702
2, 561, 37.81500
2, 562, 29.53700
2, 563, 28.33303
2, 564, 32.94500
2, 565, 31.59196
2, 566, 31.92596
2, 567, 40.25897
2, 568, 29.81500
2, 569, 28.42599
2, 570, 32.42602
2, 571, 37.70301
2, 572, 29.64899
2, 573, 28.14799
2, 574, 33.20304
2, 575, 37.48200
2, 576, 29.40702
2, 577, 28.22203
2, 578, 32.88900
2, 579, 42.22301
2, 580, 29.25900
2, 581, 28.44398
2, 582, 32.81496
2, 583, 40.64803
2, 584, 29.29596
2, 585, 28.53699
2, 586, 32.37003
2, 587, 40.18499
2, 588, 29.62897
2, 589, 28.33297
2, 590, 32.57503
2, 591, 40.90699
2, 592, 28.74002
2, 593, 27.75899
2, 594, 31.94400
2, 595, 39.37101
2, 596, 28.50003
2, 597, 31.25902
2, 598, 31.12904
2, 599, 40.25903
2, 600, 28.70300
2, 601, 31.79604
2, 602, 31.29703
2, 603, 39.46298
2, 604, 28.90696
2, 605, 27.70299
2, 606, 31.81502
2, 607, 39.70402
2, 608, 28.64799
2, 609, 28.13000
2, 610, 31.77800
2, 611, 39.87002
2, 612, 28.94503
2, 613, 27.72203
2, 614, 31.66699
2, 615, 39.72200
2, 616, 28.42599
2, 617, 28.75900
2, 618, 31.59202
2, 619, 38.27804
2, 620, 29.79602
2, 621, 37.92600
2, 622, 29.18502
2, 623, 28.38897
2, 624, 32.50000
2, 625, 40.62998
2, 626, 29.20399
2, 627, 28.48199
2, 628, 32.35198
2, 629, 31.64796
2, 630, 32.05599
2, 631, 40.35198
2, 632, 31.29697
2, 633, 31.18503
2, 634, 31.38899
2, 635, 39.64802
2, 636, 28.48100
2, 637, 27.79601
2, 638, 31.36996
2, 639, 40.20402
2, 640, 28.88897
2, 641, 27.62901
2, 642, 32.22299
2, 643, 40.16601
2, 644, 28.64799
2, 645, 27.99997
2, 646, 31.77898
2, 647, 39.74098
2, 648, 28.63001
2, 649, 28.46400
2, 650, 31.75902
2, 651, 39.33399
2, 652, 29.11098
2, 653, 27.77802
2, 654, 27.61103
2, 655, 39.83300
2, 656, 30.01902
2, 657, 36.44404
2, 658, 28.48199
2, 659, 32.18504
2, 660, 33.98203
2, 661, 32.35198
2, 662, 32.27800
2, 663, 40.35198
2, 664, 29.53700
2, 665, 28.74101
2, 666, 32.79599
2, 667, 31.61100
2, 668, 32.29703
2, 669, 32.20402
2, 670, 32.31502
2, 671, 40.64797
2, 672, 29.59300
2, 673, 28.55603
2, 674, 34.18500
2, 675, 32.09302
2, 676, 26.14897
2, 677, 24.55600
2, 678, 23.94499
2, 679, 27.16702
2, 680, 34.81498
2, 681, 31.92602
2, 682, 32.66700
2, 683, 41.11200
2, 684, 29.38904
2, 685, 28.42599
2, 686, 32.57398
2, 687, 40.88901
2, 688, 29.49998
2, 689, 28.48199
2, 690, 32.53795
2, 691, 31.96304
2, 692, 32.03702
2, 693, 40.35198
2, 694, 29.51896
2, 695, 28.14898
2, 696, 32.09302
2, 697, 40.24098
2, 698, 29.35196
2, 699, 28.38897
2, 700, 33.72300
2, 701, 31.55599
2, 702, 28.35201
2, 703, 40.38900
2, 704, 29.44503
2, 705, 29.42600
2, 706, 32.57398
2, 707, 40.53796
2, 708, 29.85196
2, 709, 28.44497
2, 710, 32.75996
2, 711, 40.48202
2, 712, 29.74096
2, 713, 28.48100
2, 714, 32.42596
2, 715, 33.33400
2, 716, 32.22305
2, 717, 31.38899
2, 718, 31.46298
2, 719, 42.50002
2, 720, 28.85201
2, 721, 27.87104
2, 722, 31.87101
2, 723, 39.96397
2, 724, 28.88903
2, 725, 27.66702
2, 726, 31.92596
2, 727, 39.77899
2, 728, 28.44403
2, 729, 27.81498
2, 730, 31.85297
2, 731, 39.31501
2, 732, 29.09299
2, 733, 43.50102
2, 734, 29.55499
2, 735, 37.75901
2, 736, 28.35300
2, 737, 27.61103
2, 738, 31.48096
2, 739, 41.64902
2, 740, 30.51797
2, 741, 37.61104
2, 742, 29.61098
2, 743, 28.83403
2, 744, 32.55501
2, 745, 40.61200
2, 746, 29.46302
2, 747, 28.63001
2, 748, 33.07498
2, 749, 41.29699
2, 750, 29.66698
2, 751, 28.44502
2, 752, 32.63004
2, 753, 41.24099
2, 754, 29.61098
2, 755, 28.68600
2, 756, 32.44401
2, 757, 33.29704
2, 758, 28.68501
2, 759, 41.05601
2, 760, 28.96395
2, 761, 36.27797
2, 762, 28.70399
2, 763, 28.90801
2, 764, 31.90797
2, 765, 39.66700
2, 766, 28.55603
2, 767, 36.88898
2, 768, 28.51901
2, 769, 28.01900
2, 770, 31.88900
2, 771, 39.55599
2, 772, 28.51895
2, 773, 36.51901
2, 774, 28.55597
2, 775, 36.39002
2, 776, 29.35202
2, 777, 27.87005
2, 778, 31.77800
2, 779, 41.59402
2, 780, 30.16698
2, 781, 37.18601
2, 782, 29.27897
2, 783, 28.53699
2, 784, 32.81502
2, 785, 40.53703
2, 786, 29.59300
2, 787, 28.61097
2, 788, 32.61101
2, 789, 41.40799
2, 790, 29.49998
2, 791, 28.77803
2, 792, 32.42602
2, 793, 40.61200
2, 794, 29.55603
2, 795, 28.46400
2, 796, 32.51904
2, 797, 41.40799
2, 798, 30.26000
2, 799, 28.59299
2, 800, 34.25997
2, 801, 38.66699
2, 802, 29.03799
2, 803, 28.40800
2, 804, 33.55601
2, 805, 37.74096
2, 806, 29.31500
2, 807, 28.44497
2, 808, 33.76002
2, 809, 37.40801
2, 810, 29.24101
2, 811, 28.35201
2, 812, 32.72300
2, 813, 40.42701
2, 814, 29.13001
2, 815, 28.57494
2, 816, 32.42596
2, 817, 31.29697
2, 818, 31.85198
2, 819, 32.52003
2, 820, 32.59401
2, 821, 40.35198
2, 822, 29.14899
2, 823, 28.13000
2, 824, 32.46403
2, 825, 40.09401
2, 826, 29.35301
2, 827, 28.40800
2, 828, 32.37096
2, 829, 31.94499
2, 830, 31.75995
2, 831, 40.50100
2, 832, 30.72298
2, 833, 32.07398
2, 834, 31.44499
2, 835, 40.85199
2, 836, 28.96296
2, 837, 28.20498
2, 838, 32.20402
2, 839, 32.72305
2, 840, 34.13104
2, 841, 41.01997
2, 842, 29.48199
2, 843, 28.42704
2, 844, 33.01898
2, 845, 31.35296
2, 846, 31.61205
2, 847, 40.35204
2, 848, 29.48199
2, 849, 28.26004
2, 850, 32.46304
2, 851, 31.59301
2, 852, 31.96298
2, 853, 40.27899
2, 854, 28.88903
2, 855, 28.11097
2, 856, 32.42701
2, 857, 31.11198
2, 858, 31.72305
2, 859, 42.39001
2, 860, 29.25900
2, 861, 28.74101
2, 862, 28.66802
2, 863, 41.03796
2, 864, 29.48199
2, 865, 29.25999
2, 866, 32.74104
2, 867, 40.61200
2, 868, 29.42600
2, 869, 28.50102
2, 870, 32.76002
2, 871, 31.70500
2, 872, 31.77898
2, 873, 40.72300
2, 874, 29.51901
2, 875, 28.72203
2, 876, 32.50000
2, 877, 33.02003
2, 878, 31.92602
2, 879, 42.03797
2, 880, 29.51896
2, 881, 41.76003
2, 882, 30.18602
2, 883, 28.35201
2, 884, 32.24098
2, 885, 30.88905
2, 886, 31.37101
2, 887, 39.88900
2, 888, 28.70498
2, 889, 27.74199
2, 890, 31.77898
2, 891, 39.96304
2, 892, 28.46295
2, 893, 27.63099
2, 894, 28.25998
2, 895, 40.46398
2, 896, 28.14904
2, 897, 27.44502
2, 898, 32.03801
2, 899, 38.72304
2, 900, 28.44502
2, 901, 27.81603
2, 902, 29.22297
2, 903, 36.66697
2, 904, 28.53798
2, 905, 29.48199
2, 906, 32.14895
2, 907, 36.96401
2, 908, 28.25998
2, 909, 27.92599
2, 910, 28.13099
2, 911, 37.18496
2, 912, 28.31598
2, 913, 27.61201
2, 914, 32.55600
2, 915, 31.85302
2, 916, 27.96400
2, 917, 74.75999
2, 918, 28.75999
2, 919, 28.88903
2, 920, 28.38996
2, 921, 28.37197
2, 922, 28.27902
2, 923, 27.42697
2, 924, 26.61201
2, 925, 33.77900
2, 926, 32.14901
2, 927, 37.57501
2, 928, 28.81598
2, 929, 28.00096
2, 930, 28.31499
2, 931, 40.09302
2, 932, 28.29700
2, 933, 29.16697
2, 934, 31.33405
2, 935, 31.16804
2, 936, 28.87099
2, 937, 40.03801
2, 938, 28.44502
2, 939, 27.63000
2, 940, 28.77896
2, 941, 36.81500
2, 942, 28.50102
2, 943, 28.16801
2, 944, 28.33396
2, 945, 37.00097
2, 946, 28.27797
2, 947, 27.63099
2, 948, 28.48199
2, 949, 31.66699
2, 950, 31.39004
2, 951, 31.13003
2, 952, 32.03795
2, 953, 38.27903
2, 954, 28.25998
2, 955, 27.74199
2, 956, 29.29701
2, 957, 31.31501
2, 958, 31.31600
2, 959, 30.14900
2, 960, 29.07501
2, 961, 33.13004
2, 962, 30.33398
2, 963, 37.83398
2, 964, 28.98298
2, 965, 30.40802
2, 966, 28.87099
2, 967, 30.20499
2, 968, 30.27798
2, 969, 37.16802
2, 970, 29.00003
2, 971, 28.09403
2, 972, 28.98205
2, 973, 29.44503
2, 974, 33.66800
2, 975, 37.51902
2, 976, 29.09299
2, 977, 30.72397
2, 978, 28.61196
2, 979, 28.20498
2, 980, 29.37099
2, 981, 32.27899
2, 982, 32.27800
2, 983, 29.89003
2, 984, 28.90801
2, 985, 41.11194
2, 986, 29.33502
2, 987, 28.68595
2, 988, 28.94602
2, 989, 38.29702
2, 990, 28.89002
2, 991, 28.37098
2, 992, 28.57500
2, 993, 28.16697
2, 994, 32.61199
2, 995, 31.57503
2, 996, 32.40798
2, 997, 29.81599
2, 998, 28.75999
2, 999, 32.62998
2, 1000, 33.51904
2, 1001, 29.16802
2, 1002, 32.37101
2, 1003, 38.66804
2, 1004, 28.89002
2, 1005, 28.55597
2, 1006, 30.40901
2, 1007, 29.18601
2, 1008, 30.88998
2, 1009, 39.44499
2, 1010, 29.20498
2, 1011, 28.57500
2, 1012, 28.27902
2, 1013, 29.37198
2, 1014, 32.85297
2, 1015, 37.27903
2, 1016, 29.00097
2, 1017, 28.40899
2, 1018, 30.07496
2, 1019, 40.81602
2, 1020, 29.16796
2, 1021, 28.42698
2, 1022, 27.83501
2, 1023, 30.57502
2, 1024, 30.70401
2, 1025, 38.22403
2, 1026, 29.33397
2, 1027, 30.07496
2, 1028, 28.59299
2, 1029, 29.39003
2, 1030, 32.35297
2, 1031, 37.22303
2, 1032, 28.85300
2, 1033, 29.98299
2, 1034, 28.53798
2, 1035, 31.65000
2, 1036, 32.11199
2, 1037, 30.90802
2, 1038, 30.14900
2, 1039, 32.94500
2, 1040, 29.20498
2, 1041, 32.05698
2, 1042, 32.40803
2, 1043, 38.96396
2, 1044, 28.96400
2, 1045, 28.29799
2, 1046, 28.07500
2, 1047, 30.53800
2, 1048, 34.90904
2, 1049, 28.98199
2, 1050, 28.51901
2, 1051, 32.26001
2, 1052, 29.90901
2, 1053, 31.92701
2, 1054, 33.05699
2, 1055, 30.40802
2, 1056, 28.46400
2, 1057, 40.83499
2, 1058, 28.90801
2, 1059, 28.38996
2, 1060, 28.59299
2, 1061, 29.90796
2, 1062, 33.39000
2, 1063, 29.33403
2, 1064, 32.55600
2, 1065, 38.29801
2, 1066, 29.33502
2, 1067, 28.48298
2, 1068, 28.53798
2, 1069, 29.24200
2, 1070, 32.61199
2, 1071, 28.14997
2, 1072, 32.59401
2, 1073, 29.94603
2, 1074, 32.72300
2, 1075, 39.11204
2, 1076, 29.00102
2, 1077, 28.52000
2, 1078, 29.63002
2, 1079, 29.46401
2, 1080, 28.57500
2, 1081, 41.66800
2, 1082, 29.14899
2, 1083, 28.64997
2, 1084, 28.70498
2, 1085, 30.50203
2, 1086, 30.14900
2, 1087, 37.63101
2, 1088, 28.98199
2, 1089, 30.35296
2, 1090, 29.13100
2, 1091, 28.68600
2, 1092, 29.70499
2, 1093, 29.61197
2, 1094, 28.66796
2, 1095, 32.64901
2, 1096, 32.33498
2, 1097, 28.27896
2, 1098, 33.00199
2, 1099, 32.05599
2, 1100, 33.89000
2, 1101, 29.68595
2, 1102, 28.94497
2, 1103, 31.98300
2, 1104, 32.09400
2, 1105, 30.35301
2, 1106, 29.72402
2, 1107, 32.33405
2, 1108, 29.72402
2, 1109, 31.92701
2, 1110, 32.37101
2, 1111, 39.50099
2, 1112, 29.11203
2, 1113, 28.40899
2, 1114, 28.37197
2, 1115, 28.22296
2, 1116, 32.85297
2, 1117, 29.74201
2, 1118, 32.65000
2, 1119, 29.02000
2, 1120, 29.29800
2, 1121, 40.77900
2, 1122, 29.39003
2, 1123, 28.53798
2, 1124, 28.59398
2, 1125, 32.29703
2, 1126, 32.09302
2, 1127, 29.18601
2, 1128, 32.48301
2, 1129, 40.79698
2, 1130, 29.13100
2, 1131, 30.40802
2, 1132, 28.57599
2, 1133, 29.02000
2, 1134, 33.00100
2, 1135, 28.53897
2, 1136, 32.38999
2, 1137, 31.70500
2, 1138, 32.05698
2, 1139, 29.87199
2, 1140, 33.81596
2, 1141, 28.44601
2, 1142, 34.00100
2, 1143, 37.77897
2, 1144, 28.96400
2, 1145, 28.29700
2, 1146, 30.33503
2, 1147, 32.38999
2, 1148, 30.81600
2, 1149, 38.68602
2, 1150, 29.24195
2, 1151, 28.42698
2, 1152, 30.20499
2, 1153, 28.33501
2, 1154, 32.77899
2, 1155, 29.55697
2, 1156, 32.35303
2, 1157, 29.18601
2, 1158, 32.66805
2, 1159, 30.83503
2, 1160, 33.72399
2, 1161, 30.72403
2, 1162, 32.79698
2, 1163, 29.77897
2, 1164, 29.18700
2, 1165, 32.00099
2, 1166, 31.98300
2, 1167, 39.50099
2, 1168, 29.27902
2, 1169, 28.57500
2, 1170, 28.31604
2, 1171, 28.20503
2, 1172, 32.79704
2, 1173, 39.44598
2, 1174, 29.07600
2, 1175, 28.59404
2, 1176, 28.63100
2, 1177, 28.42698
2, 1178, 33.07498
2, 1179, 32.37101
2, 1180, 29.55702
2, 1181, 37.96401
2, 1182, 30.13101
2, 1183, 28.89002
2, 1184, 29.68700
2, 1185, 37.53898
2, 1186, 28.83502
2, 1187, 28.39002
2, 1188, 30.24201
2, 1189, 37.70604
2, 1190, 29.22396
3, 0, 16.72101
3, 1, 13.27698
3, 2, 12.77605
3, 3, 12.59199
3, 4, 12.57197
3, 5, 12.51696
3, 6, 12.44298
3, 7, 12.44304
3, 8, 11.29501
3, 9, 18.10996
3, 10, 18.72097
3, 11, 27.18401
3, 12, 31.46204
3, 13, 31.46105
3, 14, 31.29499
3, 15, 31.46100
3, 16, 30.25802
3, 17, 32.97998
3, 18, 31.48003
3, 19, 31.16600
3, 20, 31.07304
3, 21, 31.48003
3, 22, 31.44400
3, 23, 31.51699
3, 24, 31.36897
3, 25, 31.38800
3, 26, 31.31297
3, 27, 31.72101
3, 28, 31.20302
3, 29, 32.68295
3, 30, 31.53498
3, 31, 31.53597
3, 32, 31.40599
3, 33, 31.40605
3, 34, 31.62799
3, 35, 31.29499
3, 36, 31.31297
3, 37, 33.16497
3, 38, 31.94301
3, 39, 31.64697
3, 40, 31.11000
3, 41, 31.38701
3, 42, 31.35098
3, 43, 31.46204
3, 44, 31.44301
3, 45, 31.42502
3, 46, 30.27699
3, 47, 31.86903
3, 48, 29.55400
3, 49, 31.59097
3, 50, 29.33205
3, 51, 32.20297
3, 52, 29.34998
3, 53, 32.07299
3, 54, 28.64701
3, 55, 31.64703
3, 56, 28.33204
3, 57, 31.61001
3, 58, 33.20199
3, 59, 29.75801
3, 60, 29.77600
3, 61, 31.70198
3, 62, 29.10999
3, 63, 31.70297
3, 64, 29.59201
3, 65, 31.55395
3, 66, 29.57297
3, 67, 31.44301
3, 68, 30.20301
3, 69, 32.85001
3, 70, 29.42501
3, 71, 29.55499
3, 72, 28.48001
3, 73, 31.66600
3, 74, 31.36897
3, 75, 29.90598
3, 76, 31.74004
3, 77, 29.36901
3, 78, 31.44301
3, 79, 30.25802
3, 80, 32.33196
3, 81, 29.33199
3, 82, 29.81401
3, 83, 31.66600
3, 84, 29.07303
3, 85, 31.79499
3, 86, 29.33199
3, 87, 31.55500
3, 88, 29.81401
3, 89, 31.51705
3, 90, 29.79498
3, 91, 31.86897
3, 92, 29.44404
3, 93, 31.57299
3, 94, 28.27698
3, 95, 28.59101
3, 96, 28.09200
3, 97, 28.12797
3, 98, 28.42500
3, 99, 28.12902
3, 100, 29.66500
3, 101, 28.60999
3, 102, 28.24002
3, 103, 28.35102
3, 104, 28.22098
3, 105, 28.29502
3, 106, 28.36901
3, 107, 28.33199
3, 108, 27.98099
3, 109, 29.81296
3, 110, 28.22098
3, 111, 28.35102
3, 112, 28.27704
3, 113, 28.05503
3, 114, 28.25800
3, 115, 28.38804
3, 116, 28.29497
3, 117, 28.07203
3, 118, 28.25800
3, 119, 28.11004
3, 120, 29.33199
3, 121, 28.75795
3, 122, 28.20306
3, 123, 28.29497
3, 124, 28.11004
3, 125, 28.31400
3, 126, 28.10998
3, 127, 28.20300
3, 128, 28.23897
3, 129, 28.07302
3, 130, 28.25800
3, 131, 28.12797
3, 132, 28.22104
3, 133, 28.10998
3, 134, 28.16598
3, 135, 28.31400
3, 136, 28.18396
3, 137, 28.22203
3, 138, 28.07203
3, 139, 28.20201
3, 140, 27.99898
3, 141, 29.66500
3, 142, 28.64701
3, 143, 28.27599
3, 144, 28.40603
3, 145, 28.25800
3, 146, 28.18402
3, 147, 28.25800
3, 148, 28.18402
3, 149, 29.79602
3, 150, 28.35102
3, 151, 28.33199
3, 152, 28.35096
3, 153, 28.18501
3, 154, 28.34997
3, 155, 28.38798
3, 156, 28.27698
3, 157, 28.07296
3, 158, 27.92500
3, 159, 27.98099
3, 160, 28.18402
3, 161, 28.20201
3, 162, 29.68502
3, 163, 28.70300
3, 164, 28.53600
3, 165, 28.18396
3, 166, 28.22098
3, 167, 28.42500
3, 168, 28.42500
3, 169, 28.27698
3, 170, 28.31400
3, 171, 28.27599
3, 172, 28.20300
3, 173, 28.29601
3, 174, 28.31400
3, 175, 28.59200
3, 176, 28.46196
3, 177, 28.05399
3, 178, 28.16598
3, 179, 28.22104
3, 180, 28.33303
3, 181, 28.05503
3, 182, 28.29502
3, 183, 29.55400
3, 184, 28.74002
3, 185, 28.38804
3, 186, 28.29502
3, 187, 28.48106
3, 188, 28.18396
3, 189, 29.72198
3, 190, 28.60999
3, 191, 28.27698
3, 192, 28.25800
3, 193, 28.16598
3, 194, 28.03600
3, 195, 28.16598
3, 196, 28.18402
3, 197, 28.29595
3, 198, 27.99904
3, 199, 28.14700
3, 200, 27.90701
3, 201, 28.18396
3, 202, 28.14700
3, 203, 28.20300
3, 204, 29.57303
3, 205, 28.66499
3, 206, 28.31400
3, 207, 28.42500
3, 208, 28.38804
3, 209, 28.27698
3, 210, 28.38798
3, 211, 28.48100
3, 212, 28.09200
3, 213, 28.25899
3, 214, 28.09200
3, 215, 28.18402
3, 216, 28.09101
3, 217, 28.09101
3, 218, 28.11097
3, 219, 28.10998
3, 220, 28.12902
3, 221, 28.23996
3, 222, 28.14700
3, 223, 28.07296
3, 224, 29.72099
3, 225, 28.48100
3, 226, 28.35096
3, 227, 28.29601
3, 228, 28.29595
3, 229, 29.42501
3, 230, 28.66499
3, 231, 28.33199
3, 232, 28.24002
3, 233, 28.09200
3, 234, 27.90701
3, 235, 28.11004
3, 236, 28.16598
3, 237, 28.22197
3, 238, 28.33199
3, 239, 28.18402
3, 240, 28.07296
3, 241, 28.22197
3, 242, 28.33204
3, 243, 28.33297
3, 244, 28.05497
3, 245, 29.53601
3, 246, 28.64701
3, 247, 28.48100
3, 248, 28.16604
3, 249, 28.16598
3, 250, 28.33297
3, 251, 28.33303
3, 252, 28.35102
3, 253, 28.14700
3, 254, 28.14700
3, 255, 28.25795
3, 256, 28.22104
3, 257, 28.27698
3, 258, 28.20300
3, 259, 28.10998
3, 260, 28.20300
3, 261, 28.29595
3, 262, 28.09200
3, 263, 28.20300
3, 264, 28.09200
3, 265, 28.27704
3, 266, 29.48100
3, 267, 28.62902
3, 268, 28.24002
3, 269, 29.46197
3, 270, 28.40603
3, 271, 28.33199
3, 272, 28.22098
3, 273, 28.31400
3, 274, 27.90701
3, 275, 28.25899
3, 276, 28.12896
3, 277, 28.27704
3, 278, 27.98099
3, 279, 28.12902
3, 280, 28.05503
3, 281, 28.05497
3, 282, 28.29595
3, 283, 28.18402
3, 284, 28.07296
3, 285, 28.33297
3, 286, 28.22203
3, 287, 29.55499
3, 288, 28.44403
3, 289, 28.25800
3, 290, 28.07296
3, 291, 28.01801
3, 292, 28.05497
3, 293, 28.27704
3, 294, 28.05497
3, 295, 28.27704
3, 296, 28.03600
3, 297, 28.14805
3, 298, 28.29497
3, 299, 28.35102
3, 300, 28.27704
3, 301, 28.38897
3, 302, 28.25899
3, 303, 28.31400
3, 304, 28.03699
3, 305, 28.25899
3, 306, 28.18501
3, 307, 55.57300
3, 308, 33.48098
3, 309, 33.99897
3, 310, 28.46202
3, 311, 28.72203
3, 312, 28.94404
3, 313, 31.31402
3, 314, 29.01802
3, 315, 31.57299
3, 316, 28.35195
3, 317, 29.20300
3, 318, 31.35197
3, 319, 29.35103
3, 320, 28.66598
3, 321, 31.64697
3, 322, 32.03696
3, 323, 31.85105
3, 324, 31.22200
3, 325, 31.31396
3, 326, 31.33300
3, 327, 31.49901
3, 328, 34.20298
3, 329, 29.98101
3, 330, 31.83300
3, 331, 29.24002
3, 332, 31.55500
3, 333, 29.55499
3, 334, 31.36897
3, 335, 29.51797
3, 336, 31.31402
3, 337, 29.60999
3, 338, 31.70302
3, 339, 29.44299
3, 340, 32.90699
3, 341, 28.55504
3, 342, 29.72198
3, 343, 31.96298
3, 344, 31.59202
3, 345, 30.12897
3, 346, 31.38899
3, 347, 29.46203
3, 348, 31.35098
3, 349, 30.81402
3, 350, 32.33196
3, 351, 28.90702
3, 352, 29.35103
3, 353, 31.68498
3, 354, 29.37000
3, 355, 31.61001
3, 356, 28.68501
3, 357, 31.61001
3, 358, 29.33298
3, 359, 31.61001
3, 360, 28.22197
3, 361, 31.59301
3, 362, 31.51798
3, 363, 28.68403
3, 364, 31.92503
3, 365, 29.16598
3, 366, 31.53702
3, 367, 28.51802
3, 368, 28.25899
3, 369, 28.20300
3, 370, 29.57402
3, 371, 28.87000
3, 372, 28.38804
3, 373, 28.37005
3, 374, 28.25899
3, 375, 28.31499
3, 376, 28.01801
3, 377, 28.27803
3, 378, 28.12896
3, 379, 27.96202
3, 380, 28.09205
3, 381, 28.14799
3, 382, 28.40603
3, 383, 28.48199
3, 384, 28.20399
3, 385, 28.16604
3, 386, 28.14700
3, 387, 28.14700
3, 388, 28.12896
3, 389, 29.72198
3, 390, 28.53699
3, 391, 29.59201
3, 392, 28.55504
3, 393, 28.29502
3, 394, 28.03699
3, 395, 28.22203
3, 396, 28.01801
3, 397, 28.07401
3, 398, 27.99904
3, 399, 28.40701
3, 400, 28.29595
3, 401, 28.09200
3, 402, 28.16598
3, 403, 28.07395
3, 404, 28.16598
3, 405, 28.29502
3, 406, 28.31499
3, 407, 28.25800
3, 408, 28.25899
3, 409, 28.22098
3, 410, 28.20300
3, 411, 29.59300
3, 412, 28.53699
3, 413, 28.29601
3, 414, 28.14799
3, 415, 28.22197
3, 416, 28.31499
3, 417, 28.11103
3, 418, 28.03705
3, 419, 28.24002
3, 420, 28.29601
3, 421, 28.29595
3, 422, 28.12896
3, 423, 28.53699
3, 424, 28.12902
3, 425, 28.16598
3, 426, 28.46196
3, 427, 28.31400
3, 428, 28.03705
3, 429, 29.59195
3, 430, 28.72198
3, 431, 28.27797
3, 432, 29.37000
3, 433, 28.70300
3, 434, 28.29601
3, 435, 28.12902
3, 436, 28.20300
3, 437, 28.09205
3, 438, 27.98204
3, 439, 28.16598
3, 440, 28.03600
3, 441, 28.48100
3, 442, 28.29601
3, 443, 28.16598
3, 444, 28.14799
3, 445, 28.20399
3, 446, 28.12896
3, 447, 28.33297
3, 448, 28.22197
3, 449, 28.27704
3, 450, 28.18501
3, 451, 28.40701
3, 452, 28.36999
3, 453, 29.73997
3, 454, 28.53699
3, 455, 28.22197
3, 456, 28.07296
3, 457, 28.16598
3, 458, 28.29601
3, 459, 28.24101
3, 460, 28.05503
3, 461, 28.33297
3, 462, 28.09200
3, 463, 28.24101
3, 464, 28.23996
3, 465, 28.33297
3, 466, 28.14799
3, 467, 28.33303
3, 468, 28.20399
3, 469, 29.55598
3, 470, 28.33297
3, 471, 28.31499
3, 472, 28.33297
3, 473, 28.31400
3, 474, 29.37000
3, 475, 28.46202
3, 476, 28.16598
3, 477, 28.12902
3, 478, 28.22203
3, 479, 28.22302
3, 480, 28.03699
3, 481, 28.20306
3, 482, 27.98204
3, 483, 28.24101
3, 484, 28.22197
3, 485, 28.22197
3, 486, 28.22197
3, 487, 28.23996
3, 488, 28.14799
3, 489, 28.35201
3, 490, 28.24002
3, 491, 28.22203
3, 492, 27.92605
3, 493, 28.20300
3, 494, 28.01801
3, 495, 29.31500
3, 496, 28.40701
3, 497, 28.11103
3, 498, 28.33303
3, 499, 28.27803
3, 500, 28.03699
3, 501, 28.24101
3, 502, 28.22197
3, 503, 28.35201
3, 504, 28.13000
3, 505, 28.29601
3, 506, 28.33297
3, 507, 28.05602
3, 508, 28.11103
3, 509, 29.46302
3, 510, 28.36999
3, 511, 29.48205
3, 512, 28.48100
3, 513, 28.33297
3, 514, 27.88897
3, 515, 29.51802
3, 516, 28.83298
3, 517, 28.53699
3, 518, 28.07401
3, 519, 28.12902
3, 520, 28.12902
3, 521, 28.12902
3, 522, 28.25905
3, 523, 28.33297
3, 524, 28.31505
3, 525, 28.24101
3, 526, 28.12902
3, 527, 28.35201
3, 528, 28.25899
3, 529, 28.09298
3, 530, 28.27698
3, 531, 28.25899
3, 532, 28.44398
3, 533, 28.27704
3, 534, 27.98099
3, 535, 28.20404
3, 536, 29.55603
3, 537, 28.79596
3, 538, 27.92599
3, 539, 28.16697
3, 540, 27.98198
3, 541, 28.22203
3, 542, 28.03699
3, 543, 28.20399
3, 544, 28.14805
3, 545, 28.22203
3, 546, 28.16598
3, 547, 28.44502
3, 548, 28.09200
3, 549, 29.62897
3, 550, 28.16702
3, 551, 28.36999
3, 552, 28.12902
3, 553, 28.11097
3, 554, 27.92605
3, 555, 28.22302
3, 556, 28.07395
3, 557, 29.37099
3, 558, 28.51802
3, 559, 28.05602
3, 560, 27.96301
3, 561, 27.90800
3, 562, 28.27803
3, 563, 28.20404
3, 564, 28.11097
3, 565, 28.24101
3, 566, 28.05497
3, 567, 28.03705
3, 568, 28.03699
3, 569, 28.14799
3, 570, 28.16598
3, 571, 28.18501
3, 572, 28.03699
3, 573, 28.22302
3, 574, 27.99997
3, 575, 28.01795
3, 576, 28.01801
3, 577, 28.14904
3, 578, 29.29602
3, 579, 28.48100
3, 580, 28.22197
3, 581, 28.40800
3, 582, 28.24002
3, 583, 28.22203
3, 584, 28.38903
3, 585, 28.33297
3, 586, 28.24101
3, 587, 28.14898
3, 588, 28.31505
3, 589, 29.57402
3, 590, 28.35195
3, 591, 28.16598
3, 592, 28.09298
3, 593, 28.35195
3, 594, 28.31499
3, 595, 28.18600
3, 596, 28.09298
3, 597, 28.23996
3, 598, 28.09205
3, 599, 29.29602
3, 600, 28.75900
3, 601, 28.11103
3, 602, 28.18495
3, 603, 28.22296
3, 604, 28.18501
3, 605, 28.14799
3, 606, 28.18495
3, 607, 28.36999
3, 608, 28.18501
3, 609, 28.26004
3, 610, 28.20399
3, 611, 28.07401
3, 612, 58.66598
3, 613, 32.13004
3, 614, 31.76001
3, 615, 31.37101
3, 616, 31.16705
3, 617, 31.18602
3, 618, 31.29604
3, 619, 32.62899
3, 620, 31.79697
3, 621, 31.55599
3, 622, 31.37101
3, 623, 31.46298
3, 624, 31.14801
3, 625, 31.37002
3, 626, 34.24099
3, 627, 31.88900
3, 628, 31.03695
3, 629, 33.11101
3, 630, 29.72198
3, 631, 29.57402
3, 632, 31.85198
3, 633, 29.14800
3, 634, 31.55599
3, 635, 31.20395
3, 636, 29.61104
3, 637, 31.50000
3, 638, 29.42600
3, 639, 31.40803
3, 640, 30.68602
3, 641, 31.07397
3, 642, 28.92599
3, 643, 29.11098
3, 644, 28.40800
3, 645, 29.18601
3, 646, 28.18600
3, 647, 28.29700
3, 648, 28.03705
3, 649, 28.35201
3, 650, 28.29601
3, 651, 28.33402
3, 652, 28.36999
3, 653, 28.31499
3, 654, 28.24095
3, 655, 28.35201
3, 656, 28.14799
3, 657, 28.57494
3, 658, 28.14799
3, 659, 28.20404
3, 660, 27.99997
3, 661, 29.79597
3, 662, 28.61103
3, 663, 28.20404
3, 664, 28.18600
3, 665, 28.20399
3, 666, 28.16702
3, 667, 28.25998
3, 668, 28.25899
3, 669, 29.72204
3, 670, 28.31505
3, 671, 28.25899
3, 672, 28.11097
3, 673, 28.09298
3, 674, 28.14799
3, 675, 30.53701
3, 676, 20.66703
3, 677, 19.61201
3, 678, 23.05604
3, 679, 23.24103
3, 680, 29.70400
3, 681, 28.94497
3, 682, 30.25901
3, 683, 29.09305
3, 684, 28.35300
3, 685, 28.48204
3, 686, 28.53699
3, 687, 28.37098
3, 688, 28.13000
3, 689, 28.50102
3, 690, 28.16697
3, 691, 28.64904
3, 692, 28.22203
3, 693, 28.18600
3, 694, 28.13000
3, 695, 28.27797
3, 696, 28.33402
3, 697, 28.46400
3, 698, 28.29700
3, 699, 28.42605
3, 700, 28.35201
3, 701, 28.51895
3, 702, 29.57402
3, 703, 28.79602
3, 704, 28.25905
3, 705, 28.46301
3, 706, 28.27797
3, 707, 28.22296
3, 708, 28.40800
3, 709, 29.68595
3, 710, 28.55597
3, 711, 28.37098
3, 712, 28.24101
3, 713, 28.01900
3, 714, 28.24101
3, 715, 28.44398
3, 716, 27.75899
3, 717, 28.35201
3, 718, 28.48100
3, 719, 28.09304
3, 720, 27.92605
3, 721, 28.42605
3, 722, 28.55603
3, 723, 29.31500
3, 724, 28.44497
3, 725, 27.81498
3, 726, 27.49996
3, 727, 27.16702
3, 728, 27.35200
3, 729, 27.44502
3, 730, 27.14903
3, 731, 27.40806
3, 732, 27.14798
3, 733, 30.63002
3, 734, 28.38897
3, 735, 28.25998
3, 736, 28.33396
3, 737, 28.16702
3, 738, 28.48199
3, 739, 28.38996
3, 740, 28.42599
3, 741, 28.03798
3, 742, 28.22302
3, 743, 28.27797
3, 744, 29.53700
3, 745, 28.48199
3, 746, 28.42599
3, 747, 28.26004
3, 748, 28.05602
3, 749, 29.87100
3, 750, 28.31505
3, 751, 28.29601
3, 752, 27.90800
3, 753, 28.11103
3, 754, 28.11097
3, 755, 28.03705
3, 756, 28.11097
3, 757, 28.48204
3, 758, 28.14799
3, 759, 27.85200
3, 760, 28.01900
3, 761, 28.38897
3, 762, 28.01900
3, 763, 28.33402
3, 764, 28.18501
3, 765, 29.20399
3, 766, 28.25998
3, 767, 28.27803
3, 768, 28.20399
3, 769, 28.03705
3, 770, 27.98198
3, 771, 28.27803
3, 772, 27.79700
3, 773, 27.90800
3, 774, 28.29601
3, 775, 28.09298
3, 776, 30.94499
3, 777, 28.74200
3, 778, 28.14904
3, 779, 28.25998
3, 780, 27.81597
3, 781, 28.40800
3, 782, 28.22302
3, 783, 28.01900
3, 784, 27.94496
3, 785, 28.26004
3, 786, 29.24096
3, 787, 28.33303
3, 788, 28.31499
3, 789, 29.61203
3, 790, 28.14904
3, 791, 28.18495
3, 792, 28.11202
3, 793, 27.90701
3, 794, 27.72302
3, 795, 28.33396
3, 796, 28.14805
3, 797, 27.79700
3, 798, 28.09298
3, 799, 28.18600
3, 800, 28.16697
3, 801, 27.94502
3, 802, 28.01999
3, 803, 28.37104
3, 804, 27.81504
3, 805, 28.03798
3, 806, 29.74096
3, 807, 28.44502
3, 808, 27.90800
3, 809, 28.01900
3, 810, 28.22296
3, 811, 28.03699
3, 812, 27.74100
3, 813, 28.22302
3, 814, 28.03705
3, 815, 28.00003
3, 816, 27.72296
3, 817, 28.35201
3, 818, 27.83402
3, 819, 27.83402
3, 820, 28.11202
3, 821, 28.48199
3, 822, 27.96400
3, 823, 27.96400
3, 824, 28.22302
3, 825, 27.63000
3, 826, 27.94502
3, 827, 29.59300
3, 828, 28.27797
3, 829, 29.70499
3, 830, 27.87104
3, 831, 28.22203
3, 832, 27.92605
3, 833, 28.05602
3, 834, 27.74100
3, 835, 27.81498
3, 836, 27.66702
3, 837, 28.03798
3, 838, 28.05602
3, 839, 27.96400
3, 840, 28.09298
3, 841, 27.81498
3, 842, 27.76004
3, 843, 28.05596
3, 844, 27.85299
3, 845, 28.40800
3, 846, 27.83402
3, 847, 27.83303
3, 848, 29.11203
3, 849, 28.18600
3, 850, 27.87104
3, 851, 28.07500
3, 852, 28.40800
3, 853, 27.66702
3, 854, 28.00102
3, 855, 27.96400
3, 856, 27.79700
3, 857, 27.81498
3, 858, 27.89001
3, 859, 28.13099
3, 860, 27.96301
3, 861, 28.07500
3, 862, 28.35201
3, 863, 27.87098
3, 864, 27.92599
3, 865, 28.01999
3, 866, 27.74100
3, 867, 27.94502
3, 868, 27.87098
3, 869, 29.53799
3, 870, 28.11103
3, 871, 28.05602
3, 872, 27.96400
3, 873, 28.03798
3, 874, 27.92703
3, 875, 28.03798
3, 876, 27.88902
3, 877, 28.42698
3, 878, 27.72302
3, 879, 27.74199
3, 880, 27.88902
3, 881, 28.18600
3, 882, 28.46400
3, 883, 28.68600
3, 884, 28.46400
3, 885, 29.87100
3, 886, 28.50102
3, 887, 28.59398
3, 888, 28.57494
3, 889, 28.05602
3, 890, 29.75999
3, 891, 28.70399
3, 892, 30.38998
3, 893, 40.05600
3, 894, 29.48199
3, 895, 28.44497
3, 896, 28.64898
3, 897, 28.53798
3, 898, 29.01901
3, 899, 33.51904
3, 900, 29.03700
3, 901, 42.26003
3, 902, 29.46401
3, 903, 28.75999
3, 904, 28.74200
3, 905, 30.44504
3, 906, 29.00097
3, 907, 32.38999
3, 908, 32.62998
3, 909, 39.07502
3, 910, 30.26000
3, 911, 28.72297
3, 912, 28.42704
3, 913, 28.39002
3, 914, 30.31500
3, 915, 38.49999
3, 916, 29.24096
3, 917, 28.79701
3, 918, 29.77798
3, 919, 28.85300
3, 920, 28.53804
3, 921, 28.57500
3, 922, 30.76000
3, 923, 35.64898
3, 924, 26.53803
3, 925, 31.18602
3, 926, 30.02001
3, 927, 33.01898
3, 928, 31.16699
3, 929, 40.63103
3, 930, 29.33397
3, 931, 30.14900
3, 932, 28.90801
3, 933, 28.96400
3, 934, 30.61204
3, 935, 29.14800
3, 936, 33.46299
3, 937, 29.85301
3, 938, 32.81601
3, 939, 29.05597
3, 940, 28.68600
3, 941, 32.09400
3, 942, 31.12997
3, 943, 39.98196
3, 944, 29.38898
3, 945, 29.92699
3, 946, 28.66703
3, 947, 28.38996
3, 948, 28.66703
3, 949, 31.37200
3, 950, 29.90802
3, 951, 39.48201
3, 952, 30.09405
3, 953, 28.53798
3, 954, 28.75999
3, 955, 28.46400
3, 956, 31.59301
3, 957, 30.44504
3, 958, 29.20504
3, 959, 39.72299
3, 960, 28.98199
3, 961, 28.40795
3, 962, 28.48303
3, 963, 29.00097
3, 964, 29.00003
3, 965, 32.35297
3, 966, 32.92701
3, 967, 37.50103
3, 968, 29.24200
3, 969, 28.77896
3, 970, 28.81505
3, 971, 37.40796
3, 972, 29.16703
3, 973, 29.88997
3, 974, 28.37098
3, 975, 29.75999
3, 976, 27.81498
3, 977, 37.09299
3, 978, 28.18600
3, 979, 29.75999
3, 980, 30.29702
3, 981, 38.13101
3, 982, 29.44602
3, 983, 28.59299
3, 984, 29.96302
3, 985, 29.05597
3, 986, 33.24198
3, 987, 28.83403
3, 988, 32.46397
3, 989, 33.53802
3, 990, 29.77897
3, 991, 28.89002
3, 992, 33.11200
3, 993, 30.26000
3, 994, 30.66699
3, 995, 31.20401
3, 996, 28.92698
3, 997, 32.14901
3, 998, 32.31601
3, 999, 29.79800
3, 1000, 28.87099
3, 1001, 41.22399
3, 1002, 29.46395
3, 1003, 28.59398
3, 1004, 28.81604
3, 1005, 30.50104
3, 1006, 29.03799
3, 1007, 41.66695
3, 1008, 29.44503
3, 1009, 28.68699
3, 1010, 29.02000
3, 1011, 29.18601
3, 1012, 30.29702
3, 1013, 32.09400
3, 1014, 31.05599
3, 1015, 32.38999
3, 1016, 32.61199
3, 1017, 29.25999
3, 1018, 30.16803
3, 1019, 34.37103
3, 1020, 28.85300
3, 1021, 32.55600
3, 1022, 31.05605
3, 1023, 28.92698
3, 1024, 33.03802
3, 1025, 31.22299
3, 1026, 32.40902
3, 1027, 38.94604
3, 1028, 29.11296
3, 1029, 30.18602
3, 1030, 28.77902
3, 1031, 29.77903
3, 1032, 33.50100
3, 1033, 38.37100
3, 1034, 29.27897
3, 1035, 30.26000
3, 1036, 28.79701
3, 1037, 28.25998
3, 1038, 30.64900
3, 1039, 31.44598
3, 1040, 34.92703
3, 1041, 28.61196
3, 1042, 28.83397
3, 1043, 32.09400
3, 1044, 30.18701
3, 1045, 32.29703
3, 1046, 29.87100
3, 1047, 32.51997
3, 1048, 29.11197
3, 1049, 38.66699
3, 1050, 29.38997
3, 1051, 28.59299
3, 1052, 30.00097
3, 1053, 39.03800
3, 1054, 29.16802
3, 1055, 28.68600
3, 1056, 30.50098
3, 1057, 29.72402
3, 1058, 30.01902
3, 1059, 39.48300
3, 1060, 29.20498
3, 1061, 28.46400
3, 1062, 28.87099
3, 1063, 28.74200
3, 1064, 30.40802
3, 1065, 31.18701
3, 1066, 28.83502
3, 1067, 32.33399
3, 1068, 32.37101
3, 1069, 31.52002
3, 1070, 30.26000
3, 1071, 37.70400
3, 1072, 29.20498
3, 1073, 28.29700
3, 1074, 29.03799
3, 1075, 30.83398
3, 1076, 30.87100
3, 1077, 37.53799
3, 1078, 28.40800
3, 1079, 29.18700
3, 1080, 29.79701
3, 1081, 30.50098
3, 1082, 30.70500
3, 1083, 32.87201
3, 1084, 30.13101
3, 1085, 32.55699
3, 1086, 29.35301
3, 1087, 32.16799
3, 1088, 29.35295
3, 1089, 37.83404
3, 1090, 29.00201
3, 1091, 28.70498
3, 1092, 28.55702
3, 1093, 37.77903
3, 1094, 28.85300
3, 1095, 28.64997
3, 1096, 28.72302
3, 1097, 29.76098
3, 1098, 30.09405
3, 1099, 32.98301
3, 1100, 28.92698
3, 1101, 41.89000
3, 1102, 29.37099
3, 1103, 28.66697
3, 1104, 28.89095
3, 1105, 28.44596
3, 1106, 29.85301
3, 1107, 40.03801
3, 1108, 29.26098
3, 1109, 30.03799
3, 1110, 29.98200
3, 1111, 28.31598
3, 1112, 29.55697
3, 1113, 32.24203
3, 1114, 29.50202
3, 1115, 32.31595
3, 1116, 30.42700
3, 1117, 37.72402
3, 1118, 29.89003
3, 1119, 28.68600
3, 1120, 30.07501
3, 1121, 28.96400
3, 1122, 33.61200
3, 1123, 28.79800
3, 1124, 32.94599
3, 1125, 39.00098
3, 1126, 30.07600
3, 1127, 28.53798
3, 1128, 29.85400
3, 1129, 29.29800
3, 1130, 33.18604
3, 1131, 29.18700
3, 1132, 33.18604
3, 1133, 38.27898
3, 1134, 29.27902
3, 1135, 28.57500
3, 1136, 28.79800
3, 1137, 30.90797
3, 1138, 30.22304
3, 1139, 40.22305
3, 1140, 29.09398
3, 1141, 28.53903
3, 1142, 28.81697
3, 1143, 29.22297
3, 1144, 34.98303
3, 1145, 37.22402
3, 1146, 29.31599
3, 1147, 28.66802
3, 1148, 29.63101
3, 1149, 32.46397
3, 1150, 30.81600
3, 1151, 36.65003
3, 1152, 28.48303
3, 1153, 28.05695
3, 1154, 29.98299
3, 1155, 31.83498
3, 1156, 28.05695
3, 1157, 40.00099
3, 1158, 28.44601
3, 1159, 29.48298
3, 1160, 31.79796
3, 1161, 30.66798
3, 1162, 29.98299
3, 1163, 37.92699
3, 1164, 28.88996
3, 1165, 28.46400
3, 1166, 29.92798
3, 1167, 31.14900
3, 1168, 33.50100
3, 1169, 28.42698
3, 1170, 30.35301
3, 1171, 32.35297
3, 1172, 30.39003
3, 1173, 32.63097
3, 1174, 30.57601
3, 1175, 37.76099
3, 1176, 29.33502
3, 1177, 28.53897
3, 1178, 29.55697
3, 1179, 39.81601
3, 1180, 29.44602
3, 1181, 29.94498
3, 1182, 29.57600
3, 1183, 28.68699
3, 1184, 33.53802
3, 1185, 29.25999
3, 1186, 28.87204
3, 1187, 41.11299
3, 1188, 29.22402
3, 1189, 29.09398
3, 1190, 27.88996
