0, 0, 22.16098
0, 1, 17.97504
0, 2, 16.67899
0, 3, 15.51303
0, 4, 18.30898
0, 5, 17.16001
0, 6, 16.73399
0, 7, 15.08596
0, 8, 17.45699
0, 9, 10.97597
0, 10, 10.01398
0, 11, 11.53197
0, 12, 9.90198
0, 13, 9.56904
0, 14, 9.47701
0, 15, 9.47800
0, 16, 11.45799
0, 17, 9.73702
0, 18, 11.27400
0, 19, 9.88400
0, 20, 12.90300
0, 21, 30.25400
0, 22, 28.38303
0, 23, 36.49398
0, 24, 30.05004
0, 25, 36.40102
0, 26, 29.56797
0, 27, 35.84595
0, 28, 30.06803
0, 29, 36.34701
0, 30, 30.81000
0, 31, 38.25400
0, 32, 30.38398
0, 33, 38.38404
0, 34, 30.60697
0, 35, 35.60596
0, 36, 30.79202
0, 37, 35.92104
0, 38, 30.32897
0, 39, 36.03303
0, 40, 30.43998
0, 41, 45.40202
0, 42, 31.32898
0, 43, 36.12500
0, 44, 30.16198
0, 45, 35.68105
0, 46, 31.06996
0, 47, 39.25494
0, 48, 30.23695
0, 49, 36.10702
0, 50, 29.73799
0, 51, 38.07100
0, 52, 30.01599
0, 53, 35.62698
0, 54, 30.23701
0, 55, 35.88501
0, 56, 30.12600
0, 57, 36.36697
0, 58, 30.14603
0, 59, 35.79397
0, 60, 30.27496
0, 61, 37.68101
0, 62, 32.14499
0, 63, 36.71901
0, 64, 30.12699
0, 65, 35.94101
0, 66, 30.27502
0, 67, 36.64497
0, 68, 30.01599
0, 69, 36.01598
0, 70, 30.18398
0, 71, 37.72001
0, 72, 30.53602
0, 73, 35.90602
0, 74, 29.90598
0, 75, 35.92395
0, 76, 30.31302
0, 77, 36.01697
0, 78, 30.03601
0, 79, 35.70201
0, 80, 29.83200
0, 81, 37.22099
0, 82, 28.85102
0, 83, 41.53505
0, 84, 30.07199
0, 85, 36.40498
0, 86, 30.01698
0, 87, 36.10905
0, 88, 29.98002
0, 89, 36.03600
0, 90, 30.09300
0, 91, 37.66599
0, 92, 30.29597
0, 93, 35.85201
0, 94, 30.09195
0, 95, 36.05498
0, 96, 30.24003
0, 97, 35.72203
0, 98, 29.92600
0, 99, 35.70300
0, 100, 29.96302
0, 101, 37.81401
0, 102, 30.31500
0, 103, 40.44401
0, 104, 30.59201
0, 105, 35.92500
0, 106, 27.87098
0, 107, 37.03601
0, 108, 29.87001
0, 109, 35.85306
0, 110, 29.75999
0, 111, 37.57501
0, 112, 30.05703
0, 113, 35.87098
0, 114, 30.14900
0, 115, 36.00102
0, 116, 30.24201
0, 117, 36.00102
0, 118, 29.50202
0, 119, 38.98195
0, 120, 30.37100
0, 121, 37.77903
0, 122, 30.18602
0, 123, 35.61202
0, 124, 32.18702
0, 125, 41.42702
0, 126, 30.09399
0, 127, 36.55603
0, 128, 30.11297
0, 129, 35.74298
0, 130, 30.31797
0, 131, 37.22402
0, 132, 30.15103
0, 133, 36.04002
0, 134, 29.50202
0, 135, 35.64997
0, 136, 29.94696
0, 137, 35.87302
0, 138, 29.83601
0, 139, 35.42802
0, 140, 30.26203
0, 141, 37.61302
0, 142, 30.31698
0, 143, 36.09502
0, 144, 29.83595
0, 145, 39.57701
0, 146, 30.79900
0, 147, 36.50201
0, 148, 29.87297
0, 149, 36.02197
0, 150, 30.17100
0, 151, 38.00400
0, 152, 30.13398
0, 153, 35.85498
0, 154, 30.15202
0, 155, 35.93001
0, 156, 29.65202
0, 157, 36.30003
0, 158, 29.44899
0, 159, 35.81801
0, 160, 29.94800
0, 161, 36.15201
0, 162, 30.26297
0, 163, 36.00399
0, 164, 29.69003
0, 165, 36.09601
0, 166, 31.46699
0, 167, 38.46600
0, 168, 30.70802
0, 169, 36.46703
0, 170, 29.94905
0, 171, 36.98601
0, 172, 30.22798
0, 173, 36.00504
0, 174, 29.70900
0, 175, 35.81999
0, 176, 30.07903
0, 177, 35.70899
0, 178, 30.13497
0, 179, 35.74601
0, 180, 29.78299
0, 181, 36.59800
0, 182, 30.13497
0, 183, 35.93100
0, 184, 29.76395
0, 185, 36.02302
0, 186, 28.76499
0, 187, 37.43101
0, 188, 30.04300
0, 189, 35.39601
0, 190, 30.06198
0, 191, 37.48799
0, 192, 30.37699
0, 193, 36.19101
0, 194, 29.82198
0, 195, 35.71103
0, 196, 29.93299
0, 197, 36.50702
0, 198, 30.02501
0, 199, 36.20998
0, 200, 30.21099
0, 201, 37.48700
0, 202, 30.39498
0, 203, 36.26499
0, 204, 30.28497
0, 205, 36.19101
0, 206, 29.89603
0, 207, 44.82099
0, 208, 31.37700
0, 209, 35.96999
0, 210, 29.91500
0, 211, 36.97099
0, 212, 30.41500
0, 213, 35.82296
0, 214, 29.89696
0, 215, 35.28501
0, 216, 30.19300
0, 217, 35.89601
0, 218, 30.06401
0, 219, 35.48902
0, 220, 30.97100
0, 221, 37.89597
0, 222, 30.11902
0, 223, 35.73000
0, 224, 29.93398
0, 225, 35.43402
0, 226, 27.63798
0, 227, 36.39602
0, 228, 32.74803
0, 229, 36.41598
0, 230, 30.06500
0, 231, 37.87897
0, 232, 30.04597
0, 233, 35.76801
0, 234, 30.45400
0, 235, 35.65800
0, 236, 30.12100
0, 237, 36.23100
0, 238, 30.15802
0, 239, 35.91697
0, 240, 29.69399
0, 241, 30.28701
0, 242, 29.26901
0, 243, 29.78700
0, 244, 28.88001
0, 245, 36.65801
0, 246, 27.04600
0, 247, 25.19500
0, 248, 30.78695
0, 249, 32.25198
0, 250, 29.60301
0, 251, 34.56597
0, 252, 27.23297
0, 253, 25.08499
0, 254, 29.17798
0, 255, 28.45498
0, 256, 30.04795
0, 257, 28.58501
0, 258, 28.56598
0, 259, 29.23298
0, 260, 28.26999
0, 261, 37.75103
0, 262, 26.82499
0, 263, 24.71502
0, 264, 29.88101
0, 265, 28.65900
0, 266, 27.58501
0, 267, 30.03002
0, 268, 30.21494
0, 269, 37.21500
0, 270, 28.51202
0, 271, 26.79001
0, 272, 28.25300
0, 273, 35.27098
0, 274, 26.95700
0, 275, 25.27201
0, 276, 30.86402
0, 277, 30.14201
0, 278, 28.62395
0, 279, 36.38199
0, 280, 26.82697
0, 281, 27.45701
0, 282, 29.71599
0, 283, 58.06603
0, 284, 31.69802
0, 285, 22.12402
0, 286, 28.75300
0, 287, 29.36401
0, 288, 30.66099
0, 289, 29.56896
0, 290, 33.27300
0, 291, 37.97601
0, 292, 26.90299
0, 293, 25.06898
0, 294, 28.77302
0, 295, 36.95702
0, 296, 26.97598
0, 297, 24.90198
0, 298, 28.88304
0, 299, 29.77297
0, 300, 28.86598
0, 301, 37.45697
0, 302, 26.82802
0, 303, 24.67998
0, 304, 28.99503
0, 305, 36.79101
0, 306, 28.92099
0, 307, 25.18004
0, 308, 30.55104
0, 309, 33.75502
0, 310, 26.68197
0, 311, 30.14399
0, 312, 30.71902
0, 313, 34.16300
0, 314, 26.57103
0, 315, 33.20001
0, 316, 27.12604
0, 317, 24.97800
0, 318, 28.90405
0, 319, 36.57000
0, 320, 26.60799
0, 321, 27.79304
0, 322, 30.08904
0, 323, 28.55201
0, 324, 28.84800
0, 325, 27.47802
0, 326, 29.08903
0, 327, 30.03299
0, 328, 30.21896
0, 329, 29.53502
0, 330, 28.75696
0, 331, 38.25604
0, 332, 29.38700
0, 333, 26.09000
0, 334, 29.88601
0, 335, 39.21996
0, 336, 26.71998
0, 337, 25.01601
0, 338, 29.20202
0, 339, 35.25596
0, 340, 26.36800
0, 341, 27.29397
0, 342, 29.29404
0, 343, 28.64602
0, 344, 28.57099
0, 345, 35.77500
0, 346, 28.70195
0, 347, 25.12800
0, 348, 29.83101
0, 349, 29.05498
0, 350, 28.87000
0, 351, 37.77699
0, 352, 26.59099
0, 353, 29.27699
0, 354, 30.46198
0, 355, 28.72099
0, 356, 29.99899
0, 357, 28.42500
0, 358, 28.61097
0, 359, 28.29601
0, 360, 28.57302
0, 361, 34.05397
0, 362, 26.72202
0, 363, 24.72101
0, 364, 29.49899
0, 365, 28.01697
0, 366, 27.29601
0, 367, 33.22102
0, 368, 26.53698
0, 369, 25.27800
0, 370, 29.26005
0, 371, 30.81501
0, 372, 29.13001
0, 373, 29.35202
0, 374, 31.03701
0, 375, 40.14797
0, 376, 27.11102
0, 377, 25.14797
0, 378, 25.18598
0, 379, 29.16697
0, 380, 28.42704
0, 381, 30.26000
0, 382, 29.33403
0, 383, 28.64898
0, 384, 28.44502
0, 385, 28.72302
0, 386, 30.22199
0, 387, 28.92599
0, 388, 30.81501
0, 389, 28.57599
0, 390, 28.50201
0, 391, 38.57502
0, 392, 26.55799
0, 393, 25.22399
0, 394, 33.11200
0, 395, 29.40999
0, 396, 30.92700
0, 397, 28.64904
0, 398, 28.53897
0, 399, 36.27896
0, 400, 26.63197
0, 401, 27.13099
0, 402, 29.63101
0, 403, 28.42797
0, 404, 28.87204
0, 405, 27.46498
0, 406, 30.92799
0, 407, 28.29799
0, 408, 31.13096
0, 409, 29.02105
0, 410, 28.52198
0, 411, 31.11303
0, 412, 29.44701
0, 413, 36.67000
0, 414, 26.65101
0, 415, 29.70697
0, 416, 30.76198
0, 417, 34.24402
0, 418, 26.55799
0, 419, 24.89203
0, 420, 28.98502
0, 421, 35.87302
0, 422, 27.29996
0, 423, 24.57701
0, 424, 28.92896
0, 425, 36.18699
0, 426, 26.98500
0, 427, 24.76199
0, 428, 29.96599
0, 429, 36.74503
0, 430, 26.96801
0, 431, 26.50397
0, 432, 29.07902
0, 433, 37.09701
0, 434, 26.31998
0, 435, 24.93004
0, 436, 32.57800
0, 437, 36.17104
0, 438, 26.48599
0, 439, 25.17102
0, 440, 29.41203
0, 441, 30.35697
0, 442, 29.18997
0, 443, 36.52198
0, 444, 26.83803
0, 445, 20.17104
0, 446, 30.96705
0, 447, 28.78199
0, 448, 30.04201
0, 449, 37.11698
0, 450, 26.78401
0, 451, 27.06102
0, 452, 29.87600
0, 453, 28.30201
0, 454, 29.08001
0, 455, 36.96802
0, 456, 26.85700
0, 457, 28.44997
0, 458, 29.85703
0, 459, 37.94999
0, 460, 26.85700
0, 461, 26.30199
0, 462, 29.43100
0, 463, 35.33902
0, 464, 26.37603
0, 465, 33.98703
0, 466, 28.59799
0, 467, 25.26497
0, 468, 30.59801
0, 469, 34.84001
0, 470, 26.84001
0, 471, 27.00700
0, 472, 29.06197
0, 473, 37.08001
0, 474, 26.87703
0, 475, 25.41497
0, 476, 30.33997
0, 477, 29.54399
0, 478, 31.80401
0, 479, 28.74805
0, 480, 29.09998
0, 481, 31.50704
0, 482, 28.47005
0, 483, 36.00701
0, 484, 26.61800
0, 485, 20.72902
0, 486, 31.02601
0, 487, 29.24800
0, 488, 30.17298
0, 489, 29.12000
0, 490, 28.95201
0, 491, 31.26699
0, 492, 28.93397
0, 493, 37.02600
0, 494, 26.74897
0, 495, 25.10099
0, 496, 30.41599
0, 497, 30.15598
0, 498, 32.15600
0, 499, 29.11901
0, 500, 28.69404
0, 501, 30.43398
0, 502, 29.00795
0, 503, 36.67402
0, 504, 26.34198
0, 505, 24.80501
0, 506, 30.21198
0, 507, 37.28502
0, 508, 26.43401
0, 509, 25.91701
0, 510, 28.58402
0, 511, 37.39800
0, 512, 26.75002
0, 513, 25.06502
0, 514, 28.91697
0, 515, 35.97296
0, 516, 26.71399
0, 517, 24.89896
0, 518, 28.43600
0, 519, 33.15798
0, 520, 29.49096
0, 521, 29.73200
0, 522, 30.06500
0, 523, 44.67501
0, 524, 28.19502
0, 525, 20.51004
0, 526, 29.58397
0, 527, 30.13997
0, 528, 31.34301
0, 529, 29.38100
0, 530, 29.47402
0, 531, 38.49196
0, 532, 27.02901
0, 533, 25.10402
0, 534, 29.08502
0, 535, 36.78799
0, 536, 26.71399
0, 537, 25.01101
0, 538, 29.17704
0, 539, 37.30603
0, 540, 29.15900
0, 541, 27.01102
0, 542, 30.25196
0, 543, 34.34402
0, 544, 26.88098
0, 545, 25.25100
0, 546, 30.56600
0, 547, 29.12198
0, 548, 30.06599
0, 549, 29.08601
0, 550, 28.54997
0, 551, 38.67799
0, 552, 27.38198
0, 553, 24.75303
0, 554, 28.54997
0, 555, 29.10504
0, 556, 29.45598
0, 557, 33.36398
0, 558, 31.71595
0, 559, 34.29000
0, 560, 26.62400
0, 561, 28.99404
0, 562, 26.38203
0, 563, 37.91896
0, 564, 26.99402
0, 565, 21.03100
0, 566, 31.01204
0, 567, 37.67903
0, 568, 26.88203
0, 569, 33.90199
0, 570, 26.53302
0, 571, 26.56899
0, 572, 30.34702
0, 573, 28.66103
0, 574, 28.51301
0, 575, 36.01301
0, 576, 26.51404
0, 577, 25.12503
0, 578, 28.62401
0, 579, 36.08699
0, 580, 26.62499
0, 581, 28.82803
0, 582, 28.34700
0, 583, 42.67901
0, 584, 29.06895
0, 585, 30.27298
0, 586, 32.23597
0, 587, 36.88403
0, 588, 26.80997
0, 589, 33.36602
0, 590, 28.07098
0, 591, 24.70099
0, 592, 29.19998
0, 593, 35.31103
0, 594, 26.36695
0, 595, 28.38501
0, 596, 32.45902
0, 597, 36.08798
0, 598, 26.88500
0, 599, 25.05198
0, 600, 27.86597
0, 601, 36.88502
0, 602, 29.84800
0, 603, 26.05199
0, 604, 30.82898
0, 605, 27.66300
0, 606, 29.01499
0, 607, 30.88503
0, 608, 30.66297
0, 609, 28.90498
0, 610, 28.14595
0, 611, 29.47897
0, 612, 28.70102
0, 613, 28.73804
0, 614, 28.49799
0, 615, 27.62796
0, 616, 29.14602
0, 617, 28.60900
0, 618, 28.27599
0, 619, 37.27501
0, 620, 27.70200
0, 621, 25.33103
0, 622, 25.31299
0, 623, 32.64500
0, 624, 30.27502
0, 625, 27.94199
0, 626, 30.18299
0, 627, 27.66399
0, 628, 30.01605
0, 629, 29.49899
0, 630, 27.86999
0, 631, 36.64695
0, 632, 26.40601
0, 633, 24.53603
0, 634, 30.88701
0, 635, 28.64701
0, 636, 30.81402
0, 637, 34.55398
0, 638, 26.46201
0, 639, 25.22201
0, 640, 26.59204
0, 641, 33.34995
0, 642, 30.77706
0, 643, 28.96202
0, 644, 33.25798
0, 645, 28.36999
0, 646, 30.07298
0, 647, 31.38701
0, 648, 31.90599
0, 649, 28.89002
0, 650, 27.07400
0, 651, 29.66704
0, 652, 28.68501
0, 653, 36.35201
0, 654, 26.44501
0, 655, 28.03798
0, 656, 27.53803
0, 657, 28.77797
0, 658, 28.92599
0, 659, 28.31505
0, 660, 27.20503
0, 661, 29.42600
0, 662, 28.79596
0, 663, 36.87000
0, 664, 28.94497
0, 665, 28.03705
0, 666, 25.83301
0, 667, 24.83301
0, 668, 30.62903
0, 669, 28.85399
0, 670, 28.01999
0, 671, 29.74300
0, 672, 28.66802
0, 673, 36.11301
0, 674, 26.26101
0, 675, 27.87203
0, 676, 26.33500
0, 677, 28.70504
0, 678, 28.68699
0, 679, 28.53897
0, 680, 27.18704
0, 681, 29.18601
0, 682, 28.53798
0, 683, 36.48199
0, 684, 26.72400
0, 685, 29.57600
0, 686, 27.40904
0, 687, 37.48304
0, 688, 27.20596
0, 689, 25.46601
0, 690, 27.35503
0, 691, 36.63205
0, 692, 26.24402
0, 693, 26.26200
0, 694, 29.20702
0, 695, 34.90997
0, 696, 27.28105
0, 697, 27.68798
0, 698, 30.44702
0, 699, 28.89200
0, 700, 28.11400
0, 701, 37.59504
0, 702, 26.89100
0, 703, 24.89197
0, 704, 29.46500
0, 705, 27.98501
0, 706, 32.83604
0, 707, 29.44701
0, 708, 31.37299
0, 709, 29.20801
0, 710, 27.93000
0, 711, 29.11499
0, 712, 28.87401
0, 713, 28.15300
0, 714, 28.76400
0, 715, 27.94898
0, 716, 29.48601
0, 717, 28.31900
0, 718, 28.72698
0, 719, 29.09701
0, 720, 26.91102
0, 721, 36.94800
0, 722, 26.65200
0, 723, 25.35594
0, 724, 28.61499
0, 725, 27.81900
0, 726, 29.70801
0, 727, 41.87301
0, 728, 27.35596
0, 729, 25.18999
0, 730, 27.93099
0, 731, 34.02301
0, 732, 26.33901
0, 733, 24.83900
0, 734, 28.87599
0, 735, 27.54199
0, 736, 30.04201
0, 737, 28.50498
0, 738, 28.48699
0, 739, 29.28298
0, 740, 27.22802
0, 741, 36.28298
0, 742, 26.45002
0, 743, 25.09797
0, 744, 28.78298
0, 745, 27.81999
0, 746, 31.43096
0, 747, 27.89496
0, 748, 34.91300
0, 749, 38.80203
0, 750, 28.13600
0, 751, 25.43301
0, 752, 25.39599
0, 753, 32.46898
0, 754, 26.50595
0, 755, 28.26598
0, 756, 25.56299
0, 757, 29.21005
0, 758, 29.28403
0, 759, 28.52500
0, 760, 27.52604
0, 761, 28.91400
0, 762, 29.08100
0, 763, 29.15498
0, 764, 28.67401
0, 765, 35.37703
0, 766, 26.24803
0, 767, 25.56200
0, 768, 28.61796
0, 769, 38.65599
0, 770, 27.99002
0, 771, 25.02596
0, 772, 25.23103
0, 773, 29.08199
0, 774, 28.67500
0, 775, 27.76696
0, 776, 30.11902
0, 777, 28.82198
0, 778, 28.43397
0, 779, 29.39602
0, 780, 27.23000
0, 781, 38.26600
0, 782, 26.47103
0, 783, 25.04500
0, 784, 30.09998
0, 785, 27.76696
0, 786, 32.04499
0, 787, 35.50701
0, 788, 26.80398
0, 789, 29.24998
0, 790, 27.89805
0, 791, 34.34204
0, 792, 26.43599
0, 793, 25.10198
0, 794, 28.41697
0, 795, 27.62104
0, 796, 28.98996
0, 797, 28.45399
0, 798, 28.47203
0, 799, 29.13903
0, 800, 27.00898
0, 801, 36.17599
0, 802, 26.45403
0, 803, 24.75000
0, 804, 28.93502
0, 805, 34.67604
0, 806, 25.87900
0, 807, 27.73099
0, 808, 30.17600
0, 809, 28.23297
0, 810, 28.19601
0, 811, 29.39899
0, 812, 29.04701
0, 813, 28.32599
0, 814, 28.58501
0, 815, 27.47301
0, 816, 29.19503
0, 817, 28.51004
0, 818, 28.45498
0, 819, 29.12198
0, 820, 26.76998
0, 821, 33.39902
0, 822, 27.34403
0, 823, 33.25106
0, 824, 26.51102
0, 825, 27.76999
0, 826, 29.67699
0, 827, 29.69597
0, 828, 29.75103
0, 829, 36.49299
0, 830, 27.43698
0, 831, 29.10399
0, 832, 26.32597
0, 833, 38.51099
0, 834, 26.69699
0, 835, 28.19601
0, 836, 25.69704
0, 837, 26.17900
0, 838, 29.27099
0, 839, 29.19602
0, 840, 26.90101
0, 841, 37.06703
0, 842, 26.34501
0, 843, 25.08598
0, 844, 28.97495
0, 845, 27.77104
0, 846, 30.17804
0, 847, 39.28900
0, 848, 27.12301
0, 849, 25.01298
0, 850, 26.90200
0, 851, 37.45703
0, 852, 28.58705
0, 853, 25.32800
0, 854, 30.21698
0, 855, 27.58699
0, 856, 29.80900
0, 857, 33.66095
0, 858, 26.36503
0, 859, 24.88405
0, 860, 26.66096
0, 861, 37.43799
0, 862, 26.64303
0, 863, 24.92102
0, 864, 29.03199
0, 865, 27.54997
0, 866, 31.58702
0, 867, 27.56900
0, 868, 30.10499
0, 869, 28.60603
0, 870, 27.32901
0, 871, 37.68095
0, 872, 28.31004
0, 873, 25.81101
0, 874, 25.08801
0, 875, 27.73699
0, 876, 29.95901
0, 877, 28.49601
0, 878, 28.64398
0, 879, 28.62500
0, 880, 27.05095
0, 881, 37.95901
0, 882, 26.16200
0, 883, 25.14401
0, 884, 28.99596
0, 885, 27.44001
0, 886, 29.36599
0, 887, 34.99502
0, 888, 27.05101
0, 889, 33.90403
0, 890, 31.47904
0, 891, 37.55202
0, 892, 30.10796
0, 893, 37.88503
0, 894, 27.05299
0, 895, 28.66400
0, 896, 27.23797
0, 897, 28.94200
0, 898, 29.12699
0, 899, 28.64503
0, 900, 31.34900
0, 901, 28.25701
0, 902, 29.07105
0, 903, 37.07000
0, 904, 26.51596
0, 905, 27.68297
0, 906, 25.12701
0, 907, 30.05301
0, 908, 25.96101
0, 909, 37.07204
0, 910, 28.34997
0, 911, 24.86898
0, 912, 25.96101
0, 913, 25.73901
0, 914, 31.38696
0, 915, 29.12797
0, 916, 27.79502
0, 917, 30.70203
0, 918, 26.99798
0, 919, 28.70201
0, 920, 29.40597
0, 921, 28.73903
0, 922, 28.98001
0, 923, 33.53499
0, 924, 26.70200
0, 925, 28.46103
0, 926, 25.86904
0, 927, 38.16402
0, 928, 27.20200
0, 929, 25.09296
0, 930, 28.72198
0, 931, 24.98103
0, 932, 27.53698
0, 933, 29.14800
0, 934, 26.16602
0, 935, 36.94398
0, 936, 27.53605
0, 937, 25.40705
0, 938, 26.18505
0, 939, 25.33400
0, 940, 28.42599
0, 941, 32.90699
0, 942, 26.46201
0, 943, 25.05600
0, 944, 26.00001
0, 945, 27.50002
0, 946, 26.14803
0, 947, 31.12904
0, 948, 27.14798
0, 949, 36.92600
0, 950, 28.09298
0, 951, 24.76001
0, 952, 26.59396
0, 953, 25.01898
0, 954, 27.75998
0, 955, 30.61099
0, 956, 27.05700
0, 957, 30.16698
0, 958, 25.50100
0, 959, 29.90802
0, 960, 29.25999
0, 961, 33.09296
0, 962, 26.79699
0, 963, 24.87102
0, 964, 25.81596
0, 965, 36.13001
0, 966, 27.25997
0, 967, 25.11200
0, 968, 30.79702
0, 969, 25.63196
0, 970, 28.74200
0, 971, 35.00200
0, 972, 26.15001
0, 973, 25.14995
0, 974, 26.00298
0, 975, 35.87203
0, 976, 29.63095
0, 977, 25.57597
0, 978, 26.07702
0, 979, 27.37202
0, 980, 27.76103
0, 981, 29.89096
0, 982, 28.33594
0, 983, 29.22402
0, 984, 27.63204
0, 985, 31.11297
0, 986, 28.98304
0, 987, 36.29799
0, 988, 26.89100
0, 989, 25.00297
0, 990, 28.46598
0, 991, 26.24501
0, 992, 27.16999
0, 993, 33.29902
0, 994, 27.80003
0, 995, 29.43001
0, 996, 27.26300
0, 997, 33.20600
0, 998, 26.11398
0, 999, 29.67000
0, 1000, 27.94799
0, 1001, 30.83695
0, 1002, 27.65200
0, 1003, 29.70702
0, 1004, 28.09601
0, 1005, 30.13305
0, 1006, 30.05901
0, 1007, 31.46600
0, 1008, 31.41001
0, 1009, 25.20897
0, 1010, 29.22704
0, 1011, 34.67103
0, 1012, 25.91200
0, 1013, 24.89401
0, 1014, 26.30100
0, 1015, 30.09702
0, 1016, 27.81999
0, 1017, 29.85598
0, 1018, 28.81901
0, 1019, 33.81899
0, 1020, 27.93099
0, 1021, 25.09797
0, 1022, 26.54198
0, 1023, 28.80102
0, 1024, 25.72702
0, 1025, 30.11500
0, 1026, 30.31902
0, 1027, 35.15200
0, 1028, 27.06003
0, 1029, 25.06200
0, 1030, 28.30201
0, 1031, 26.15403
0, 1032, 29.20900
0, 1033, 33.65397
0, 1034, 26.06200
0, 1035, 28.63501
0, 1036, 27.04303
0, 1037, 29.96896
0, 1038, 27.70899
0, 1039, 33.33901
0, 1040, 28.48699
0, 1041, 26.46800
0, 1042, 28.26499
0, 1043, 29.26500
0, 1044, 29.96803
0, 1045, 35.31999
0, 1046, 26.98698
0, 1047, 29.19101
0, 1048, 27.30200
0, 1049, 32.63702
0, 1050, 27.89502
0, 1051, 25.30303
0, 1052, 26.28599
0, 1053, 34.91399
0, 1054, 26.63704
0, 1055, 28.35899
0, 1056, 26.28505
0, 1057, 32.52596
0, 1058, 26.39606
0, 1059, 29.13601
0, 1060, 28.54404
0, 1061, 25.41502
0, 1062, 25.65501
0, 1063, 26.30298
0, 1064, 30.21104
0, 1065, 28.61802
0, 1066, 26.17399
0, 1067, 39.78504
0, 1068, 27.11801
0, 1069, 24.97102
0, 1070, 27.99002
0, 1071, 33.06299
0, 1072, 26.52702
0, 1073, 24.60099
0, 1074, 27.17499
0, 1075, 31.58201
0, 1076, 25.60100
0, 1077, 28.98996
0, 1078, 29.08199
0, 1079, 28.32296
0, 1080, 29.43502
0, 1081, 29.58199
0, 1082, 26.45298
0, 1083, 28.87902
0, 1084, 29.74899
0, 1085, 29.91599
0, 1086, 29.91500
0, 1087, 31.61897
0, 1088, 26.41596
0, 1089, 29.02803
0, 1090, 29.28700
0, 1091, 35.26801
0, 1092, 26.39903
0, 1093, 25.17701
0, 1094, 25.78796
0, 1095, 29.10201
0, 1096, 29.95301
0, 1097, 33.06497
0, 1098, 26.47301
0, 1099, 25.52801
0, 1100, 27.43599
0, 1101, 31.82503
0, 1102, 28.17599
0, 1103, 33.47300
0, 1104, 26.43599
0, 1105, 28.08297
0, 1106, 27.49100
0, 1107, 27.63896
0, 1108, 30.80599
0, 1109, 24.99197
0, 1110, 29.25202
0, 1111, 29.41802
0, 1112, 29.89998
0, 1113, 33.06596
0, 1114, 26.49204
0, 1115, 27.78897
0, 1116, 26.62202
0, 1117, 25.69599
0, 1118, 29.23298
0, 1119, 32.40000
0, 1120, 27.62197
0, 1121, 25.52998
0, 1122, 28.75102
0, 1123, 38.12199
0, 1124, 26.97400
0, 1125, 27.53000
0, 1126, 27.19600
0, 1127, 25.21398
0, 1128, 25.51101
0, 1129, 38.01105
0, 1130, 27.80899
0, 1131, 25.34500
0, 1132, 26.04902
0, 1133, 25.04901
0, 1134, 26.99397
0, 1135, 36.95597
0, 1136, 26.88296
0, 1137, 25.34599
0, 1138, 25.10495
0, 1139, 29.56797
0, 1140, 29.04899
0, 1141, 33.10402
0, 1142, 26.45700
0, 1143, 28.64101
0, 1144, 26.12300
0, 1145, 28.12302
0, 1146, 26.99303
0, 1147, 29.30801
0, 1148, 26.93803
0, 1149, 29.03199
0, 1150, 28.34700
0, 1151, 36.79002
0, 1152, 26.73500
0, 1153, 25.06904
0, 1154, 25.51299
0, 1155, 27.60602
0, 1156, 28.36499
0, 1157, 33.34698
0, 1158, 26.17999
0, 1159, 24.95798
0, 1160, 27.79100
0, 1161, 34.82796
0, 1162, 26.97598
0, 1163, 29.16098
0, 1164, 26.23599
0, 1165, 28.12395
0, 1166, 28.10602
0, 1167, 30.64300
0, 1168, 25.66101
0, 1169, 36.40300
0, 1170, 27.25602
0, 1171, 25.44099
0, 1172, 25.73703
0, 1173, 32.40396
0, 1174, 26.31096
0, 1175, 27.88501
0, 1176, 27.34798
0, 1177, 32.51397
0, 1178, 26.60700
0, 1179, 25.10804
0, 1180, 27.83000
0, 1181, 26.51404
0, 1182, 30.51402
0, 1183, 27.71801
0, 1184, 31.10698
0, 1185, 28.49601
1, 0, 25.27102
1, 1, 27.58501
1, 2, 24.34499
1, 3, 22.60400
1, 4, 19.90101
1, 5, 17.51200
1, 6, 15.10505
1, 7, 13.04997
1, 8, 10.36602
1, 9, 10.29099
1, 10, 10.08802
1, 11, 10.08796
1, 12, 10.08796
1, 13, 10.01403
1, 14, 10.12498
1, 15, 10.14401
1, 16, 9.97701
1, 17, 10.05100
1, 18, 10.03301
1, 19, 10.64402
1, 20, 23.06896
1, 21, 24.60600
1, 22, 24.42002
1, 23, 24.32800
1, 24, 24.25396
1, 25, 24.21699
1, 26, 24.40198
1, 27, 24.55099
1, 28, 24.27299
1, 29, 23.40401
1, 30, 23.42199
1, 31, 23.34801
1, 32, 24.55198
1, 33, 23.14399
1, 34, 24.29197
1, 35, 23.16198
1, 36, 23.21803
1, 37, 23.31099
1, 38, 23.51402
1, 39, 23.23695
1, 40, 24.49598
1, 41, 23.36699
1, 42, 24.20000
1, 43, 23.23701
1, 44, 23.14399
1, 45, 25.88499
1, 46, 25.38400
1, 47, 23.45901
1, 48, 23.68201
1, 49, 23.31303
1, 50, 23.53498
1, 51, 23.31198
1, 52, 23.38596
1, 53, 23.27502
1, 54, 23.64598
1, 55, 23.25698
1, 56, 23.31198
1, 57, 23.20203
1, 58, 23.59004
1, 59, 23.05302
1, 60, 23.36798
1, 61, 23.42298
1, 62, 24.36799
1, 63, 23.09103
1, 64, 23.40500
1, 65, 23.12700
1, 66, 23.44196
1, 67, 23.29400
1, 68, 23.53597
1, 69, 23.09097
1, 70, 23.53602
1, 71, 23.12799
1, 72, 23.31402
1, 73, 23.09196
1, 74, 23.42496
1, 75, 23.29597
1, 76, 23.33195
1, 77, 23.14801
1, 78, 23.31396
1, 79, 23.23998
1, 80, 23.42496
1, 81, 23.27700
1, 82, 24.36897
1, 83, 23.29499
1, 84, 24.42497
1, 85, 25.20204
1, 86, 23.77601
1, 87, 23.18404
1, 88, 23.44400
1, 89, 23.11099
1, 90, 23.37001
1, 91, 23.29702
1, 92, 23.51903
1, 93, 23.64801
1, 94, 23.72205
1, 95, 23.27799
1, 96, 23.55599
1, 97, 23.20395
1, 98, 23.44499
1, 99, 23.29702
1, 100, 23.48201
1, 101, 23.29696
1, 102, 24.57404
1, 103, 23.35197
1, 104, 24.16699
1, 105, 24.33399
1, 106, 24.35204
1, 107, 23.42601
1, 108, 23.42700
1, 109, 23.31600
1, 110, 24.51997
1, 111, 23.13101
1, 112, 23.44603
1, 113, 23.13101
1, 114, 23.44603
1, 115, 23.09399
1, 116, 23.48300
1, 117, 23.20500
1, 118, 24.40896
1, 119, 23.40901
1, 120, 24.29697
1, 121, 23.20599
1, 122, 23.55698
1, 123, 23.42700
1, 124, 24.33498
1, 125, 24.55699
1, 126, 24.31700
1, 127, 22.74300
1, 128, 22.53898
1, 129, 22.68904
1, 130, 22.91099
1, 131, 22.66902
1, 132, 22.68800
1, 133, 22.67001
1, 134, 22.68899
1, 135, 22.37298
1, 136, 22.59498
1, 137, 22.63305
1, 138, 22.76204
1, 139, 22.44801
1, 140, 22.42798
1, 141, 22.66902
1, 142, 22.53997
1, 143, 22.72502
1, 144, 23.85500
1, 145, 22.44696
1, 146, 23.42898
1, 147, 22.68899
1, 148, 22.87403
1, 149, 22.59702
1, 150, 22.80005
1, 151, 22.48602
1, 152, 22.85703
1, 153, 22.30103
1, 154, 22.72699
1, 155, 22.48602
1, 156, 22.76297
1, 157, 22.46698
1, 158, 22.80098
1, 159, 22.50400
1, 160, 30.91198
1, 161, 24.35599
1, 162, 23.67101
1, 163, 23.39301
1, 164, 24.57899
1, 165, 25.17096
1, 166, 25.15198
1, 167, 23.26303
1, 168, 23.28299
1, 169, 60.94801
1, 170, 28.17197
1, 171, 28.00497
1, 172, 27.70899
1, 173, 27.96801
1, 174, 27.93204
1, 175, 27.72796
1, 176, 28.06097
1, 177, 27.72796
1, 178, 27.85701
1, 179, 27.91301
1, 180, 27.72802
1, 181, 27.63501
1, 182, 27.95003
1, 183, 27.72802
1, 184, 28.17197
1, 185, 28.07901
1, 186, 27.98699
1, 187, 28.83798
1, 188, 28.32098
1, 189, 27.78495
1, 190, 28.04397
1, 191, 27.59903
1, 192, 27.78501
1, 193, 27.82098
1, 194, 28.04397
1, 195, 27.45101
1, 196, 27.84100
1, 197, 27.43297
1, 198, 27.93297
1, 199, 27.72901
1, 200, 27.96999
1, 201, 27.78396
1, 202, 27.72901
1, 203, 27.78495
1, 204, 27.54298
1, 205, 28.59898
1, 206, 28.37698
1, 207, 28.48804
1, 208, 28.06400
1, 209, 27.21201
1, 210, 27.74904
1, 211, 27.65701
1, 212, 27.80404
1, 213, 27.95300
1, 214, 27.82302
1, 215, 27.69397
1, 216, 28.19397
1, 217, 27.82296
1, 218, 27.78600
1, 219, 27.39700
1, 220, 27.84199
1, 221, 27.26795
1, 222, 27.74898
1, 223, 27.69298
1, 224, 27.78600
1, 225, 27.76801
1, 226, 27.54502
1, 227, 28.67500
1, 228, 24.99104
1, 229, 27.87994
1, 230, 27.95398
1, 231, 26.08401
1, 232, 26.37999
1, 233, 26.26899
1, 234, 26.17603
1, 235, 25.80601
1, 236, 26.51003
1, 237, 25.93598
1, 238, 26.06497
1, 239, 25.73197
1, 240, 26.41701
1, 241, 25.78802
1, 242, 26.47202
1, 243, 25.86101
1, 244, 27.15799
1, 245, 26.30601
1, 246, 26.56503
1, 247, 25.89902
1, 248, 26.21497
1, 249, 25.71398
1, 250, 26.28901
1, 251, 25.80700
1, 252, 26.17801
1, 253, 25.64099
1, 254, 26.06701
1, 255, 25.75199
1, 256, 26.14000
1, 257, 25.77003
1, 258, 26.34501
1, 259, 25.80700
1, 260, 26.36299
1, 261, 25.93697
1, 262, 26.17801
1, 263, 25.80700
1, 264, 26.08505
1, 265, 27.71498
1, 266, 26.23302
1, 267, 25.71497
1, 268, 25.05000
1, 269, 25.82702
1, 270, 28.06801
1, 271, 31.71496
1, 272, 27.08698
1, 273, 26.01200
1, 274, 26.62301
1, 275, 25.69704
1, 276, 26.27103
1, 277, 25.62300
1, 278, 25.99402
1, 279, 25.77201
1, 280, 23.30901
1, 281, 24.47602
1, 282, 25.12300
1, 283, 23.71600
1, 284, 28.15998
1, 285, 24.01298
1, 286, 24.84599
1, 287, 23.40098
1, 288, 24.69901
1, 289, 23.58800
1, 290, 24.45803
1, 291, 23.27298
1, 292, 24.45797
1, 293, 23.43899
1, 294, 24.43999
1, 295, 23.40302
1, 296, 24.40198
1, 297, 23.21699
1, 298, 24.69901
1, 299, 23.06896
1, 300, 24.55099
1, 301, 23.23596
1, 302, 24.49499
1, 303, 22.93998
1, 304, 24.36502
1, 305, 24.31100
1, 306, 24.42095
1, 307, 23.25401
1, 308, 24.68202
1, 309, 23.23701
1, 310, 24.71898
1, 311, 23.31198
1, 312, 24.55297
1, 313, 24.29301
1, 314, 24.31100
1, 315, 23.16303
1, 316, 24.60803
1, 317, 22.88596
1, 318, 24.64500
1, 319, 23.31198
1, 320, 24.77398
1, 321, 23.03398
1, 322, 24.34796
1, 323, 23.46000
1, 324, 26.58896
1, 325, 23.23701
1, 326, 24.01501
1, 327, 22.84900
1, 328, 23.83102
1, 329, 22.55301
1, 330, 23.70203
1, 331, 23.70203
1, 332, 23.62799
1, 333, 22.72001
1, 334, 23.68300
1, 335, 22.75697
1, 336, 23.73800
1, 337, 22.51698
1, 338, 23.68300
1, 339, 22.68299
1, 340, 23.86798
1, 341, 22.40598
1, 342, 23.94301
1, 343, 22.33200
1, 344, 23.77601
1, 345, 23.42403
1, 346, 23.92404
1, 347, 22.72100
1, 348, 23.81402
1, 349, 22.61000
1, 350, 23.57403
1, 351, 22.64702
1, 352, 23.96303
1, 353, 22.72199
1, 354, 23.62898
1, 355, 22.64702
1, 356, 23.83195
1, 357, 22.49999
1, 358, 23.81501
1, 359, 22.48101
1, 360, 29.14701
1, 361, 24.40698
1, 362, 24.86904
1, 363, 23.62904
1, 364, 27.79502
1, 365, 23.81402
1, 366, 24.73999
1, 367, 23.35197
1, 368, 24.59296
1, 369, 23.01896
1, 370, 24.55600
1, 371, 23.46297
1, 372, 24.46298
1, 373, 23.44598
1, 374, 24.38900
1, 375, 23.24196
1, 376, 24.44499
1, 377, 23.35203
1, 378, 24.61205
1, 379, 23.29603
1, 380, 24.63097
1, 381, 23.09300
1, 382, 24.48201
1, 383, 23.27904
1, 384, 24.51898
1, 385, 23.46396
1, 386, 24.70402
1, 387, 23.29702
1, 388, 24.66898
1, 389, 23.53899
1, 390, 24.37305
1, 391, 23.52101
1, 392, 24.66898
1, 393, 24.24296
1, 394, 24.53900
1, 395, 23.39097
1, 396, 24.48405
1, 397, 23.05697
1, 398, 24.63196
1, 399, 23.28003
1, 400, 24.61298
1, 401, 23.24301
1, 402, 24.44604
1, 403, 23.29801
1, 404, 27.29798
1, 405, 24.18696
1, 406, 25.02003
1, 407, 23.68701
1, 408, 24.85501
1, 409, 23.42898
1, 410, 24.44697
1, 411, 23.13299
1, 412, 24.44796
1, 413, 23.20703
1, 414, 24.53999
1, 415, 23.31804
1, 416, 24.30000
1, 417, 23.44697
1, 418, 24.48498
1, 419, 23.22601
1, 420, 24.46601
1, 421, 23.41099
1, 422, 24.44703
1, 423, 23.26303
1, 424, 24.39197
1, 425, 23.44796
1, 426, 24.67002
1, 427, 23.22601
1, 428, 24.59703
1, 429, 23.46804
1, 430, 24.57800
1, 431, 23.33800
1, 432, 24.57899
1, 433, 23.39301
1, 434, 24.35605
1, 435, 24.20896
1, 436, 24.50402
1, 437, 23.26396
1, 438, 24.50501
1, 439, 23.22700
1, 440, 24.61601
1, 441, 23.20796
1, 442, 24.48597
1, 443, 23.52298
1, 444, 27.41102
1, 445, 23.91204
1, 446, 24.65303
1, 447, 23.35599
1, 448, 24.54296
1, 449, 23.17304
1, 450, 24.59802
1, 451, 23.22805
1, 452, 24.70897
1, 453, 23.24702
1, 454, 24.46898
1, 455, 23.46897
1, 456, 24.61700
1, 457, 23.32100
1, 458, 24.56199
1, 459, 23.41402
1, 460, 24.54302
1, 461, 23.07997
1, 462, 24.48696
1, 463, 23.39499
1, 464, 24.48702
1, 465, 24.43201
1, 466, 24.76496
1, 467, 23.37601
1, 468, 24.63702
1, 469, 23.11803
1, 470, 24.47002
1, 471, 23.15500
1, 472, 24.50699
1, 473, 23.37799
1, 474, 24.63702
1, 475, 23.11897
1, 476, 24.37695
1, 477, 23.39598
1, 478, 24.61799
1, 479, 23.37700
1, 480, 24.50704
1, 481, 23.41402
1, 482, 24.48801
1, 483, 23.43300
1, 484, 27.32202
1, 485, 23.89703
1, 486, 24.72899
1, 487, 23.39598
1, 488, 24.50797
1, 489, 23.15697
1, 490, 24.54499
1, 491, 23.23102
1, 492, 24.47101
1, 493, 23.54505
1, 494, 24.50902
1, 495, 23.08200
1, 496, 24.69401
1, 497, 23.17502
1, 498, 24.65699
1, 499, 23.32298
1, 500, 24.54505
1, 501, 23.26798
1, 502, 24.37899
1, 503, 23.26798
1, 504, 24.52602
1, 505, 23.41606
1, 506, 24.52701
1, 507, 23.39801
1, 508, 24.60303
1, 509, 23.36198
1, 510, 24.41700
1, 511, 23.21297
1, 512, 24.69500
1, 513, 23.13998
1, 514, 24.36100
1, 515, 23.43602
1, 516, 24.39802
1, 517, 23.14004
1, 518, 24.60204
1, 519, 23.06600
1, 520, 24.58399
1, 521, 24.01001
1, 522, 27.75101
1, 523, 26.47301
1, 524, 27.95398
1, 525, 25.39902
1, 526, 26.30595
1, 527, 25.26904
1, 528, 25.51101
1, 529, 23.67700
1, 530, 25.40001
1, 531, 25.06700
1, 532, 25.32597
1, 533, 25.01101
1, 534, 23.95500
1, 535, 24.82602
1, 536, 25.52998
1, 537, 24.97399
1, 538, 25.47405
1, 539, 22.69597
1, 540, 25.64000
1, 541, 25.06700
1, 542, 25.52998
1, 543, 25.02998
1, 544, 23.16000
1, 545, 25.01199
1, 546, 29.39998
1, 547, 25.40001
1, 548, 25.43802
1, 549, 23.53102
1, 550, 25.38301
1, 551, 24.90204
1, 552, 25.42003
1, 553, 24.95699
1, 554, 23.08701
1, 555, 24.80902
1, 556, 27.58699
1, 557, 25.23499
1, 558, 25.08598
1, 559, 23.49400
1, 560, 29.40103
1, 561, 28.91901
1, 562, 30.51198
1, 563, 26.53098
1, 564, 27.58600
1, 565, 25.84599
1, 566, 29.69800
1, 567, 24.90204
1, 568, 25.23598
1, 569, 23.60698
1, 570, 25.27300
1, 571, 24.92102
1, 572, 25.29203
1, 573, 25.05099
1, 574, 23.90302
1, 575, 25.06898
1, 576, 25.47603
1, 577, 25.23598
1, 578, 25.32899
1, 579, 23.64400
1, 580, 23.97596
1, 581, 24.90198
1, 582, 23.93998
1, 583, 24.10599
1, 584, 24.25500
1, 585, 23.53201
1, 586, 27.68000
1, 587, 23.62496
1, 588, 24.75600
1, 589, 23.29301
1, 590, 24.66298
1, 591, 23.25599
1, 592, 24.62602
1, 593, 23.44097
1, 594, 23.55203
1, 595, 23.47799
1, 596, 24.38603
1, 597, 23.36699
1, 598, 24.66397
1, 599, 23.05197
1, 600, 24.51502
1, 601, 23.31099
1, 602, 24.55198
1, 603, 23.12601
1, 604, 27.99601
1, 605, 23.77403
1, 606, 24.75600
1, 607, 23.14498
1, 608, 24.59005
1, 609, 24.25698
1, 610, 24.27497
1, 611, 23.46000
1, 612, 24.60902
1, 613, 23.25802
1, 614, 23.57200
1, 615, 23.07199
1, 616, 24.57200
1, 617, 23.16402
1, 618, 24.53504
1, 619, 23.33096
1, 620, 24.46100
1, 621, 23.27601
1, 622, 24.60902
1, 623, 23.47898
1, 624, 23.48003
1, 625, 23.34999
1, 626, 24.68301
1, 627, 23.36798
1, 628, 24.57299
1, 629, 23.31402
1, 630, 24.44400
1, 631, 23.29499
1, 632, 24.53603
1, 633, 23.33299
1, 634, 23.40698
1, 635, 23.24004
1, 636, 24.59098
1, 637, 23.07403
1, 638, 24.57299
1, 639, 23.16600
1, 640, 24.51799
1, 641, 23.25901
1, 642, 24.51700
1, 643, 23.68399
1, 644, 27.88798
1, 645, 23.68498
1, 646, 24.88801
1, 647, 23.53597
1, 648, 24.59302
1, 649, 23.14900
1, 650, 24.70402
1, 651, 23.37100
1, 652, 24.35204
1, 653, 23.35197
1, 654, 23.14900
1, 655, 23.26000
1, 656, 24.59296
1, 657, 23.13002
1, 658, 24.63004
1, 659, 23.24103
1, 660, 24.68597
1, 661, 23.09399
1, 662, 24.59302
1, 663, 23.27799
1, 664, 23.53794
1, 665, 23.38905
1, 666, 24.68597
1, 667, 23.18596
1, 668, 24.57497
1, 669, 23.16803
1, 670, 24.46403
1, 671, 23.28003
1, 672, 24.55699
1, 673, 23.33503
1, 674, 23.22403
1, 675, 23.29801
1, 676, 24.70501
1, 677, 23.27997
1, 678, 24.52101
1, 679, 23.26099
1, 680, 24.31601
1, 681, 23.07601
1, 682, 24.48300
1, 683, 23.46501
1, 684, 28.18600
1, 685, 23.87200
1, 686, 24.52101
1, 687, 23.46501
1, 688, 24.53999
1, 689, 23.18899
1, 690, 24.53999
1, 691, 23.24301
1, 692, 24.50303
1, 693, 23.35500
1, 694, 23.53998
1, 695, 23.57700
1, 696, 24.61403
1, 697, 23.29900
1, 698, 24.42899
1, 699, 23.18899
1, 700, 24.55896
1, 701, 23.37304
1, 702, 24.50297
1, 703, 23.20698
1, 704, 23.55902
1, 705, 24.24296
1, 706, 24.41001
1, 707, 23.42898
1, 708, 24.70803
1, 709, 23.07898
1, 710, 24.57905
1, 711, 23.24498
1, 712, 24.59697
1, 713, 23.22700
1, 714, 23.50500
1, 715, 23.13398
1, 716, 24.52299
1, 717, 22.93095
1, 718, 24.63399
1, 719, 23.26297
1, 720, 24.48603
1, 721, 23.26402
1, 722, 24.56001
1, 723, 23.26402
1, 724, 27.26399
1, 725, 23.24498
1, 726, 23.85599
1, 727, 22.76402
1, 728, 24.00599
1, 729, 22.80197
1, 730, 23.76501
1, 731, 22.63503
1, 732, 23.37601
1, 733, 22.65400
1, 734, 22.61698
1, 735, 22.54300
1, 736, 23.70896
1, 737, 22.39399
1, 738, 23.93201
1, 739, 22.59801
1, 740, 23.67200
1, 741, 22.58002
1, 742, 23.78300
1, 743, 22.58002
1, 744, 22.91303
1, 745, 22.50604
1, 746, 23.70902
1, 747, 23.02397
1, 748, 23.61798
1, 749, 22.89603
1, 750, 23.56303
1, 751, 22.67403
1, 752, 23.82200
1, 753, 22.54399
1, 754, 22.82205
1, 755, 22.43299
1, 756, 23.65500
1, 757, 22.59999
1, 758, 23.63597
1, 759, 22.45196
1, 760, 23.71100
1, 761, 26.67400
1, 762, 25.21101
1, 763, 23.41495
1, 764, 28.15498
1, 765, 23.76600
1, 766, 24.71100
1, 767, 23.30401
1, 768, 24.45198
1, 769, 23.28596
1, 770, 24.39697
1, 771, 23.11897
1, 772, 24.74901
1, 773, 23.17502
1, 774, 24.48999
1, 775, 23.37904
1, 776, 24.48999
1, 777, 23.19400
1, 778, 24.85996
1, 779, 23.48899
1, 780, 24.37899
1, 781, 23.47101
1, 782, 24.86001
1, 783, 23.32298
1, 784, 23.50797
1, 785, 23.54499
1, 786, 24.61997
1, 787, 23.35995
1, 788, 24.67602
1, 789, 23.41600
1, 790, 24.49098
1, 791, 23.37997
1, 792, 24.54604
1, 793, 23.17601
1, 794, 23.62101
1, 795, 23.54702
1, 796, 24.63900
1, 797, 23.58399
1, 798, 24.60204
1, 799, 23.21303
1, 800, 24.41700
1, 801, 23.39795
1, 802, 24.26897
1, 803, 23.51000
1, 804, 27.80497
1, 805, 23.95401
1, 806, 24.71298
1, 807, 23.39801
1, 808, 24.78801
1, 809, 23.25104
1, 810, 24.43696
1, 811, 23.32502
1, 812, 24.40000
1, 813, 23.41798
1, 814, 23.77002
1, 815, 23.26996
1, 816, 24.58504
1, 817, 23.17799
1, 818, 24.51100
1, 819, 23.30698
1, 820, 24.34400
1, 821, 23.25104
1, 822, 24.71502
1, 823, 23.15901
1, 824, 23.45500
1, 825, 24.28900
1, 826, 24.73301
1, 827, 24.25198
1, 828, 24.58597
1, 829, 24.62305
1, 830, 24.54901
1, 831, 23.10500
1, 832, 24.73400
1, 833, 23.19696
1, 834, 23.40098
1, 835, 23.04900
1, 836, 24.51199
1, 837, 23.14202
1, 838, 24.12305
1, 839, 23.30797
1, 840, 24.38201
1, 841, 23.04900
1, 842, 24.36403
1, 843, 23.06699
1, 844, 27.03000
1, 845, 23.77101
1, 846, 24.90099
1, 847, 23.34598
1, 848, 24.45797
1, 849, 23.49499
1, 850, 24.40204
1, 851, 23.47595
1, 852, 24.62398
1, 853, 23.32799
1, 854, 23.77200
1, 855, 23.23497
1, 856, 24.38399
1, 857, 23.34702
1, 858, 24.58702
1, 859, 23.43905
1, 860, 24.79098
1, 861, 23.25401
1, 862, 24.49505
1, 863, 22.99498
1, 864, 23.43899
1, 865, 23.75401
1, 866, 24.58702
1, 867, 23.71699
1, 868, 24.82899
1, 869, 23.38398
1, 870, 24.42200
1, 871, 23.25500
1, 872, 24.51502
1, 873, 23.05203
1, 874, 23.64400
1, 875, 23.10703
1, 876, 24.36700
1, 877, 23.29202
1, 878, 24.36700
1, 879, 23.34801
1, 880, 24.55198
1, 881, 23.47700
1, 882, 24.43999
1, 883, 23.79301
1, 884, 27.73600
1, 885, 23.55197
1, 886, 24.77398
1, 887, 26.81003
1, 888, 31.71897
1, 889, 22.03502
1, 890, 26.42295
1, 891, 32.57102
1, 892, 24.88598
1, 893, 24.79302
1, 894, 24.90501
1, 895, 25.14500
1, 896, 24.47899
1, 897, 25.73796
1, 898, 24.36804
1, 899, 25.14500
1, 900, 24.70099
1, 901, 26.05304
1, 902, 27.36801
1, 903, 26.79402
1, 904, 29.38601
1, 905, 29.60801
1, 906, 30.18200
1, 907, 31.07100
1, 908, 25.44296
1, 909, 28.83199
1, 910, 33.18301
1, 911, 26.73902
1, 912, 24.99797
1, 913, 31.12700
1, 914, 28.51697
1, 915, 29.98002
1, 916, 33.57201
1, 917, 27.01696
1, 918, 25.27597
1, 919, 29.75703
1, 920, 27.05398
1, 921, 27.57203
1, 922, 29.49800
1, 923, 27.16498
1, 924, 37.29399
1, 925, 26.77604
1, 926, 24.46205
1, 927, 30.59102
1, 928, 25.49902
1, 929, 28.09298
1, 930, 36.12902
1, 931, 25.33301
1, 932, 24.85198
1, 933, 29.16697
1, 934, 27.53698
1, 935, 28.68397
1, 936, 32.90699
1, 937, 26.42598
1, 938, 24.16600
1, 939, 28.20300
1, 940, 27.81400
1, 941, 28.40701
1, 942, 31.83300
1, 943, 25.75897
1, 944, 25.36997
1, 945, 29.35103
1, 946, 35.22098
1, 947, 26.27795
1, 948, 24.51997
1, 949, 25.89000
1, 950, 28.05596
1, 951, 28.22302
1, 952, 35.57500
1, 953, 25.40897
1, 954, 25.31601
1, 955, 29.79800
1, 956, 27.37103
1, 957, 28.38903
1, 958, 33.00100
1, 959, 26.20502
1, 960, 26.11200
1, 961, 29.51901
1, 962, 34.07499
1, 963, 26.57499
1, 964, 27.63000
1, 965, 25.70403
1, 966, 29.53799
1, 967, 26.81597
1, 968, 37.66902
1, 969, 27.11300
1, 970, 24.98400
1, 971, 26.42801
1, 972, 34.00199
1, 973, 26.29798
1, 974, 25.09500
1, 975, 25.65106
1, 976, 29.28001
1, 977, 29.20597
1, 978, 31.02002
1, 979, 28.77896
1, 980, 33.89099
1, 981, 26.40997
1, 982, 25.57597
1, 983, 30.61297
1, 984, 27.04001
1, 985, 29.89102
1, 986, 29.85400
1, 987, 26.89100
1, 988, 29.65097
1, 989, 28.59602
1, 990, 36.70702
1, 991, 26.42900
1, 992, 25.83697
1, 993, 27.48402
1, 994, 30.29900
1, 995, 29.83700
1, 996, 28.50300
1, 997, 30.42903
1, 998, 33.92900
1, 999, 26.76201
1, 1000, 26.33599
1, 1001, 30.94801
1, 1002, 32.76200
1, 1003, 26.37400
1, 1004, 28.72599
1, 1005, 26.80002
1, 1006, 39.59499
1, 1007, 25.89198
1, 1008, 24.17101
1, 1009, 28.59700
1, 1010, 27.83798
1, 1011, 28.85702
1, 1012, 32.70798
1, 1013, 25.94896
1, 1014, 32.15198
1, 1015, 25.54198
1, 1016, 25.41200
1, 1017, 29.09701
1, 1018, 28.06097
1, 1019, 28.31900
1, 1020, 32.89395
1, 1021, 26.07900
1, 1022, 31.65297
1, 1023, 25.69000
1, 1024, 32.28202
1, 1025, 25.85700
1, 1026, 27.67098
1, 1027, 25.98598
1, 1028, 37.28298
1, 1029, 27.08000
1, 1030, 25.37702
1, 1031, 25.45100
1, 1032, 28.93100
1, 1033, 30.91402
1, 1034, 34.85701
1, 1035, 26.52400
1, 1036, 25.72801
1, 1037, 29.65400
1, 1038, 32.30204
1, 1039, 27.26498
1, 1040, 32.52398
1, 1041, 26.50601
1, 1042, 26.15502
1, 1043, 27.48797
1, 1044, 32.28300
1, 1045, 27.00596
1, 1046, 29.65400
1, 1047, 31.59802
1, 1048, 29.19299
1, 1049, 27.19205
1, 1050, 33.59995
1, 1051, 26.91498
1, 1052, 25.72999
1, 1053, 27.56300
1, 1054, 29.43298
1, 1055, 29.39602
1, 1056, 28.93304
1, 1057, 28.02500
1, 1058, 25.00705
1, 1059, 28.89602
1, 1060, 28.21103
1, 1061, 29.37705
1, 1062, 28.87704
1, 1063, 26.58104
1, 1064, 36.32198
1, 1065, 27.24798
1, 1066, 26.43395
1, 1067, 26.82196
1, 1068, 37.56296
1, 1069, 26.52697
1, 1070, 25.00897
1, 1071, 25.60100
1, 1072, 29.39701
1, 1073, 29.76698
1, 1074, 35.10101
1, 1075, 26.17498
1, 1076, 25.15699
1, 1077, 27.32400
1, 1078, 33.63802
1, 1079, 26.58197
1, 1080, 33.30501
1, 1081, 26.71201
1, 1082, 24.91595
1, 1083, 27.52697
1, 1084, 32.61898
1, 1085, 26.00799
1, 1086, 38.76705
1, 1087, 25.95298
1, 1088, 24.36199
1, 1089, 28.93502
1, 1090, 27.84205
1, 1091, 28.39904
1, 1092, 33.41695
1, 1093, 25.58400
1, 1094, 32.13900
1, 1095, 25.30600
1, 1096, 25.91701
1, 1097, 29.71302
1, 1098, 32.41700
1, 1099, 25.91701
1, 1100, 32.41601
1, 1101, 25.86200
1, 1102, 25.78802
1, 1103, 29.47297
1, 1104, 32.30501
1, 1105, 26.56503
1, 1106, 29.45405
1, 1107, 25.73202
1, 1108, 36.99102
1, 1109, 26.62196
1, 1110, 25.49203
1, 1111, 26.71498
1, 1112, 29.25097
1, 1113, 26.27004
1, 1114, 29.45499
1, 1115, 29.34404
1, 1116, 28.62203
1, 1117, 26.25199
1, 1118, 28.93700
1, 1119, 29.50999
1, 1120, 27.58501
1, 1121, 29.52903
1, 1122, 29.36302
1, 1123, 28.15899
1, 1124, 36.19497
1, 1125, 27.34397
1, 1126, 24.65902
1, 1127, 30.41803
1, 1128, 26.04896
1, 1129, 28.93799
1, 1130, 32.17899
1, 1131, 26.71498
1, 1132, 24.14196
1, 1133, 29.10498
1, 1134, 29.27099
1, 1135, 27.64205
1, 1136, 28.53001
1, 1137, 28.62302
1, 1138, 33.36305
1, 1139, 26.12300
1, 1140, 25.73499
1, 1141, 26.62301
1, 1142, 28.66103
1, 1143, 28.65999
1, 1144, 35.38297
1, 1145, 25.97498
1, 1146, 24.69802
1, 1147, 30.04899
1, 1148, 32.88400
1, 1149, 26.21701
1, 1150, 25.64297
1, 1151, 29.36500
1, 1152, 24.18096
1, 1153, 28.71697
1, 1154, 35.55003
1, 1155, 26.03203
1, 1156, 25.84599
1, 1157, 26.88401
1, 1158, 28.60603
1, 1159, 27.66097
1, 1160, 28.95801
1, 1161, 31.19801
1, 1162, 25.60600
1, 1163, 30.10598
1, 1164, 37.78997
1, 1165, 27.27296
1, 1166, 25.19803
1, 1167, 31.40197
1, 1168, 24.95897
1, 1169, 29.16197
1, 1170, 32.62602
1, 1171, 26.64402
1, 1172, 24.94098
1, 1173, 25.60699
1, 1174, 29.40400
1, 1175, 30.19999
1, 1176, 29.07000
1, 1177, 25.23697
1, 1178, 29.03298
1, 1179, 28.38501
1, 1180, 28.73699
1, 1181, 26.92295
1, 1182, 37.92100
1, 1183, 26.66300
1, 1184, 25.25501
2, 0, 15.16000
2, 1, 11.93902
2, 2, 10.16101
2, 3, 10.01398
2, 4, 9.82899
2, 5, 9.84704
2, 6, 9.79197
2, 7, 9.84797
2, 8, 9.93999
2, 9, 9.79203
2, 10, 9.79203
2, 11, 9.92195
2, 12, 9.66199
2, 13, 10.29198
2, 14, 22.42100
2, 15, 23.82799
2, 16, 23.93998
2, 17, 23.79097
2, 18, 23.45797
2, 19, 23.62496
2, 20, 23.86501
2, 21, 23.58800
2, 22, 23.79196
2, 23, 22.86704
2, 24, 24.03300
2, 25, 23.40302
2, 26, 23.84796
2, 27, 23.08899
2, 28, 23.86600
2, 29, 22.77397
2, 30, 24.01402
2, 31, 23.12601
2, 32, 24.10704
2, 33, 23.55203
2, 34, 23.95995
2, 35, 22.55103
2, 36, 23.66297
2, 37, 22.66297
2, 38, 23.60797
2, 39, 23.07100
2, 40, 23.81100
2, 41, 22.88503
2, 42, 24.18201
2, 43, 22.99702
2, 44, 23.90401
2, 45, 23.23800
2, 46, 23.57200
2, 47, 23.18200
2, 48, 23.90500
2, 49, 23.34900
2, 50, 23.92299
2, 51, 23.18299
2, 52, 23.75704
2, 53, 23.08998
2, 54, 23.90500
2, 55, 22.88602
2, 56, 23.53503
2, 57, 22.84900
2, 58, 23.90500
2, 59, 23.03503
2, 60, 23.83102
2, 61, 23.29400
2, 62, 24.07299
2, 63, 22.88800
2, 64, 23.96199
2, 65, 23.05401
2, 66, 23.85000
2, 67, 23.38800
2, 68, 23.81402
2, 69, 23.18398
2, 70, 23.88800
2, 71, 22.96204
2, 72, 24.03603
2, 73, 23.05401
2, 74, 23.87002
2, 75, 23.57299
2, 76, 23.73998
2, 77, 22.96204
2, 78, 24.03597
2, 79, 23.24004
2, 80, 24.11001
2, 81, 23.31396
2, 82, 24.05500
2, 83, 23.20401
2, 84, 24.00000
2, 85, 22.81500
2, 86, 24.25902
2, 87, 23.31501
2, 88, 24.16600
2, 89, 22.99999
2, 90, 24.07497
2, 91, 23.27799
2, 92, 23.74103
2, 93, 22.72298
2, 94, 23.96402
2, 95, 23.09300
2, 96, 24.00000
2, 97, 22.62996
2, 98, 24.16600
2, 99, 23.72200
2, 100, 23.87095
2, 101, 23.00005
2, 102, 24.09400
2, 103, 23.11297
2, 104, 23.74301
2, 105, 22.90901
2, 106, 24.11304
2, 107, 23.16803
2, 108, 24.09400
2, 109, 23.33497
2, 110, 23.92799
2, 111, 23.20604
2, 112, 24.20599
2, 113, 22.57600
2, 114, 24.16798
2, 115, 22.79801
2, 116, 23.96496
2, 117, 23.35401
2, 118, 24.13102
2, 119, 22.92700
2, 120, 23.85401
2, 121, 23.03800
2, 122, 23.98399
2, 123, 23.09603
2, 124, 23.96600
2, 125, 23.18899
2, 126, 24.20599
2, 127, 23.13305
2, 128, 23.61402
2, 129, 23.17001
2, 130, 24.13300
2, 131, 22.70697
2, 132, 24.07695
2, 133, 23.11402
2, 134, 23.68800
2, 135, 23.17001
2, 136, 23.63300
2, 137, 23.07700
2, 138, 23.92904
2, 139, 22.78101
2, 140, 24.22503
2, 141, 22.96600
2, 142, 23.91106
2, 143, 23.26297
2, 144, 24.11496
2, 145, 23.31897
2, 146, 23.65197
2, 147, 22.87502
2, 148, 24.02305
2, 149, 22.65301
2, 150, 23.67101
2, 151, 23.26402
2, 152, 23.83795
2, 153, 23.07903
2, 154, 23.87497
2, 155, 22.91198
2, 156, 23.52200
2, 157, 22.94801
2, 158, 23.94901
2, 159, 23.17100
2, 160, 24.50402
2, 161, 23.02298
2, 162, 24.06100
2, 163, 23.33899
2, 164, 23.82002
2, 165, 22.85697
2, 166, 24.28300
2, 167, 23.24603
2, 168, 23.87601
2, 169, 23.15395
2, 170, 23.98801
2, 171, 22.91303
2, 172, 23.76501
2, 173, 22.83904
2, 174, 23.96897
2, 175, 23.04300
2, 176, 23.85803
2, 177, 22.87601
2, 178, 24.00599
2, 179, 23.82002
2, 180, 24.30204
2, 181, 23.28404
2, 182, 23.80302
2, 183, 22.76704
2, 184, 24.35902
2, 185, 23.04399
2, 186, 23.56297
2, 187, 23.19202
2, 188, 24.11798
2, 189, 23.09999
2, 190, 23.89604
2, 191, 23.32100
2, 192, 23.72898
2, 193, 22.93299
2, 194, 24.00698
2, 195, 22.87804
2, 196, 23.72997
2, 197, 23.17298
2, 198, 24.15500
2, 199, 23.09900
2, 200, 23.89598
2, 201, 22.78497
2, 202, 23.89703
2, 203, 22.87898
2, 204, 23.39801
2, 205, 22.91600
2, 206, 23.84202
2, 207, 22.50796
2, 208, 23.84202
2, 209, 22.67502
2, 210, 23.84196
2, 211, 22.97094
2, 212, 23.65599
2, 213, 23.21198
2, 214, 24.34197
2, 215, 22.72996
2, 216, 23.21198
2, 217, 22.78701
2, 218, 23.85995
2, 219, 24.26804
2, 220, 23.61897
2, 221, 23.84097
2, 222, 23.91705
2, 223, 22.99102
2, 224, 23.93504
2, 225, 23.25104
2, 226, 23.91699
2, 227, 23.49097
2, 228, 23.65803
2, 229, 24.95396
2, 230, 23.91699
2, 231, 24.71397
2, 232, 24.12101
2, 233, 24.25099
2, 234, 34.58302
2, 235, 25.97201
2, 236, 34.45299
2, 237, 25.91701
2, 238, 24.02799
2, 239, 28.54700
2, 240, 36.47198
2, 241, 27.86097
2, 242, 32.14005
2, 243, 25.80700
2, 244, 28.90003
2, 245, 28.17797
2, 246, 35.56499
2, 247, 27.49298
2, 248, 32.41805
2, 249, 26.17702
2, 250, 32.52998
2, 251, 25.65996
2, 252, 33.56602
2, 253, 25.62201
2, 254, 24.78900
2, 255, 28.49200
2, 256, 35.21399
2, 257, 27.32598
2, 258, 33.04797
2, 259, 26.06602
2, 260, 33.69600
2, 261, 25.23301
2, 262, 26.29000
2, 263, 28.53100
2, 264, 32.99401
2, 265, 29.32705
2, 266, 30.77199
2, 267, 29.15999
2, 268, 36.77099
2, 269, 27.38198
2, 270, 34.47499
2, 271, 26.43797
2, 272, 24.86403
2, 273, 29.47495
2, 274, 36.19700
2, 275, 27.10503
2, 276, 57.15898
2, 277, 26.95700
2, 278, 25.43901
2, 279, 29.95703
2, 280, 35.91900
2, 281, 27.27103
2, 282, 33.56800
2, 283, 26.71701
2, 284, 29.19899
2, 285, 28.92099
2, 286, 36.42000
2, 287, 27.12505
2, 288, 26.68098
2, 289, 28.69898
2, 290, 36.43897
2, 291, 26.67999
2, 292, 33.97597
2, 293, 26.14396
2, 294, 24.99500
2, 295, 28.73600
2, 296, 35.77302
2, 297, 26.49495
2, 298, 26.90200
2, 299, 29.01301
2, 300, 35.93903
2, 301, 25.97696
2, 302, 28.99701
2, 303, 28.69997
2, 304, 36.01400
2, 305, 28.27395
2, 306, 28.94101
2, 307, 31.36600
2, 308, 28.95900
2, 309, 28.94101
2, 310, 36.18100
2, 311, 26.68197
2, 312, 25.10699
2, 313, 29.21901
2, 314, 36.77402
2, 315, 28.03396
2, 316, 33.03400
2, 317, 26.16299
2, 318, 24.08900
2, 319, 29.55202
2, 320, 35.08902
2, 321, 27.07103
2, 322, 34.92301
2, 323, 26.36800
2, 324, 25.01700
2, 325, 29.57198
2, 326, 36.49701
2, 327, 26.47900
2, 328, 29.12704
2, 329, 28.57203
2, 330, 35.97896
2, 331, 27.40602
2, 332, 29.84998
2, 333, 28.66400
2, 334, 36.08996
2, 335, 27.10904
2, 336, 34.07202
2, 337, 26.57202
2, 338, 25.01700
2, 339, 29.12797
2, 340, 36.23804
2, 341, 26.70101
2, 342, 33.36899
2, 343, 26.35100
2, 344, 24.88795
2, 345, 28.85096
2, 346, 39.20197
2, 347, 25.92498
2, 348, 34.27697
2, 349, 25.77696
2, 350, 32.83196
2, 351, 25.46200
2, 352, 31.79499
2, 353, 25.68400
2, 354, 23.01704
2, 355, 28.33199
2, 356, 35.44298
2, 357, 26.51701
2, 358, 23.40704
2, 359, 28.03600
2, 360, 28.81400
2, 361, 29.73997
2, 362, 35.36999
2, 363, 25.48202
2, 364, 33.05600
2, 365, 26.68500
2, 366, 31.85198
2, 367, 26.87103
2, 368, 28.64904
2, 369, 27.68501
2, 370, 34.83302
2, 371, 29.92600
2, 372, 32.01897
2, 373, 25.51904
2, 374, 32.31502
2, 375, 25.66695
2, 376, 33.61095
2, 377, 25.76002
2, 378, 31.81502
2, 379, 26.09297
2, 380, 32.46304
2, 381, 26.90799
2, 382, 32.77998
2, 383, 29.05801
2, 384, 25.00204
2, 385, 29.22297
2, 386, 36.01901
2, 387, 29.27902
2, 388, 34.55700
2, 389, 26.79804
2, 390, 32.26100
2, 391, 26.61300
2, 392, 25.02102
2, 393, 29.74300
2, 394, 36.46400
2, 395, 26.74198
2, 396, 32.79797
2, 397, 26.22399
2, 398, 24.24301
2, 399, 27.24298
2, 400, 36.74200
2, 401, 27.61300
2, 402, 32.48499
2, 403, 26.26200
2, 404, 33.87301
2, 405, 26.37405
2, 406, 25.87399
2, 407, 29.52099
2, 408, 36.89096
2, 409, 26.87301
2, 410, 29.18799
2, 411, 28.85399
2, 412, 35.94700
2, 413, 26.63302
2, 414, 24.85501
2, 415, 29.35498
2, 416, 36.35498
2, 417, 26.65200
2, 418, 24.96601
2, 419, 29.18903
2, 420, 35.83600
2, 421, 26.85497
2, 422, 25.61602
2, 423, 29.63403
2, 424, 36.55900
2, 425, 26.57900
2, 426, 26.48599
2, 427, 28.89398
2, 428, 35.81900
2, 429, 26.96801
2, 430, 29.22600
2, 431, 28.70795
2, 432, 36.15195
2, 433, 26.57900
2, 434, 34.35601
2, 435, 26.30100
2, 436, 25.06002
2, 437, 28.89305
2, 438, 31.80099
2, 439, 26.89298
2, 440, 32.78202
2, 441, 26.81998
2, 442, 27.46900
2, 443, 28.83903
2, 444, 36.20801
2, 445, 27.61702
2, 446, 32.74599
2, 447, 26.06200
2, 448, 26.41305
2, 449, 29.35696
2, 450, 36.48601
2, 451, 25.95001
2, 452, 29.30202
2, 453, 28.95003
2, 454, 36.37605
2, 455, 26.37597
2, 456, 29.82001
2, 457, 29.32105
2, 458, 29.72798
2, 459, 28.59904
2, 460, 36.00603
2, 461, 26.52400
2, 462, 29.46901
2, 463, 29.06203
2, 464, 36.11796
2, 465, 26.69198
2, 466, 27.09903
2, 467, 28.56196
2, 468, 36.26598
2, 469, 26.65601
2, 470, 32.74698
2, 471, 28.61796
2, 472, 33.95095
2, 473, 26.39600
2, 474, 34.67301
2, 475, 25.96998
2, 476, 25.02498
2, 477, 29.17396
2, 478, 31.85797
2, 479, 26.95200
2, 480, 32.82102
2, 481, 26.74804
2, 482, 32.78598
2, 483, 26.52702
2, 484, 34.47097
2, 485, 26.02702
2, 486, 25.93400
2, 487, 29.47105
2, 488, 36.54398
2, 489, 27.21201
2, 490, 34.56399
2, 491, 26.30502
2, 492, 33.24896
2, 493, 26.65601
2, 494, 33.63697
2, 495, 26.56399
2, 496, 24.86001
2, 497, 29.04503
2, 498, 36.37902
2, 499, 26.78698
2, 500, 26.82400
2, 501, 29.76803
2, 502, 37.10202
2, 503, 26.76899
2, 504, 25.28697
2, 505, 28.78699
2, 506, 36.32401
2, 507, 26.54699
2, 508, 24.87998
2, 509, 29.13997
2, 510, 36.10096
2, 511, 26.65799
2, 512, 33.28703
2, 513, 26.73197
2, 514, 32.36100
2, 515, 26.69501
2, 516, 29.30498
2, 517, 29.36098
2, 518, 31.84295
2, 519, 30.95401
2, 520, 36.47204
2, 521, 27.19501
2, 522, 33.75205
2, 523, 26.62202
2, 524, 26.84396
2, 525, 29.12198
2, 526, 36.49200
2, 527, 26.71498
2, 528, 26.25199
2, 529, 29.12198
2, 530, 35.97296
2, 531, 26.80700
2, 532, 26.43698
2, 533, 29.34503
2, 534, 36.32500
2, 535, 27.97401
2, 536, 28.73298
2, 537, 28.77099
2, 538, 35.75096
2, 539, 27.03000
2, 540, 32.73301
2, 541, 26.51102
2, 542, 34.27097
2, 543, 26.41998
2, 544, 25.08697
2, 545, 29.03100
2, 546, 36.47500
2, 547, 26.67900
2, 548, 33.32603
2, 549, 26.43797
2, 550, 30.75302
2, 551, 28.17902
2, 552, 29.62297
2, 553, 29.19701
2, 554, 36.84497
2, 555, 22.86402
2, 556, 31.32700
2, 557, 29.65999
2, 558, 32.28999
2, 559, 26.84600
2, 560, 26.17900
2, 561, 30.99301
2, 562, 29.80999
2, 563, 28.60603
2, 564, 36.80900
2, 565, 27.16201
2, 566, 32.67998
2, 567, 26.90305
2, 568, 24.56898
2, 569, 29.27297
2, 570, 36.06901
2, 571, 26.56899
2, 572, 24.92102
2, 573, 29.30999
2, 574, 32.92096
2, 575, 30.79097
2, 576, 27.75398
2, 577, 57.58605
2, 578, 26.75502
2, 579, 25.95799
2, 580, 24.57002
2, 581, 30.68002
2, 582, 28.60801
2, 583, 24.14505
2, 584, 36.19997
2, 585, 27.92197
2, 586, 29.38601
2, 587, 29.66302
2, 588, 31.96001
2, 589, 31.36705
2, 590, 29.92298
2, 591, 29.16302
2, 592, 36.68100
2, 593, 25.55199
2, 594, 25.32998
2, 595, 29.44102
2, 596, 36.62501
2, 597, 28.40300
2, 598, 32.36700
2, 599, 26.49600
2, 600, 34.43995
2, 601, 25.75502
2, 602, 32.07101
2, 603, 25.77498
2, 604, 31.71996
2, 605, 25.68301
2, 606, 31.64499
2, 607, 25.14599
2, 608, 31.05296
2, 609, 26.07196
2, 610, 31.83102
2, 611, 25.70199
2, 612, 25.55304
2, 613, 23.23899
2, 614, 35.68303
2, 615, 30.23898
2, 616, 33.18301
2, 617, 24.96100
2, 618, 31.45995
2, 619, 27.27598
2, 620, 37.38601
2, 621, 25.46101
2, 622, 33.07300
2, 623, 25.29500
2, 624, 24.46199
2, 625, 28.74002
2, 626, 35.33099
2, 627, 25.60996
2, 628, 31.68300
2, 629, 26.72103
2, 630, 28.20300
2, 631, 28.61004
2, 632, 35.60998
2, 633, 24.96199
2, 634, 32.98004
2, 635, 27.70200
2, 636, 34.14699
2, 637, 26.31404
2, 638, 32.18399
2, 639, 26.10997
2, 640, 39.18405
2, 641, 26.24000
2, 642, 33.40699
2, 643, 25.14803
2, 644, 33.22201
2, 645, 25.77801
2, 646, 24.44499
2, 647, 28.51901
2, 648, 31.16699
2, 649, 30.59300
2, 650, 33.88901
2, 651, 25.42597
2, 652, 31.83405
2, 653, 24.83400
2, 654, 32.90699
2, 655, 25.64902
2, 656, 25.00099
2, 657, 24.44499
2, 658, 30.96303
2, 659, 29.57501
2, 660, 37.64702
2, 661, 25.81503
2, 662, 31.85302
2, 663, 26.07498
2, 664, 34.03802
2, 665, 25.55699
2, 666, 24.46496
2, 667, 28.48298
2, 668, 31.37200
2, 669, 29.44602
2, 670, 31.68603
2, 671, 25.26101
2, 672, 31.61199
2, 673, 25.00198
2, 674, 33.66800
2, 675, 25.26101
2, 676, 24.35303
2, 677, 28.55801
2, 678, 32.72300
2, 679, 31.11303
2, 680, 29.33496
2, 681, 30.87205
2, 682, 36.46604
2, 683, 25.98395
2, 684, 25.13301
2, 685, 29.05795
2, 686, 36.70597
2, 687, 26.31800
2, 688, 24.22497
2, 689, 30.11401
2, 690, 37.42798
2, 691, 25.96602
2, 692, 33.02102
2, 693, 25.26304
2, 694, 26.33698
2, 695, 29.02204
2, 696, 35.42802
2, 697, 25.85397
2, 698, 30.83596
2, 699, 26.15100
2, 700, 37.42897
2, 701, 26.52097
2, 702, 34.02202
2, 703, 24.92998
2, 704, 32.41199
2, 705, 25.56002
2, 706, 31.70698
2, 707, 25.22602
2, 708, 30.87502
2, 709, 25.94902
2, 710, 31.91100
2, 711, 25.46700
2, 712, 34.13302
2, 713, 24.96700
2, 714, 24.65198
2, 715, 28.61505
2, 716, 35.63297
2, 717, 25.67096
2, 718, 32.31898
2, 719, 25.30100
2, 720, 27.81801
2, 721, 29.96698
2, 722, 35.57901
2, 723, 25.15297
2, 724, 28.39398
2, 725, 27.74601
2, 726, 35.31900
2, 727, 26.02399
2, 728, 30.69103
2, 729, 25.67201
2, 730, 32.67201
2, 731, 25.54297
2, 732, 33.93104
2, 733, 24.71001
2, 734, 24.02398
2, 735, 28.15399
2, 736, 35.28297
2, 737, 26.00502
2, 738, 30.63503
2, 739, 25.48703
2, 740, 35.59799
2, 741, 26.46800
2, 742, 28.76598
2, 743, 23.61804
2, 744, 35.26504
2, 745, 29.93305
2, 746, 28.22902
2, 747, 28.02500
2, 748, 31.11798
2, 749, 29.65499
2, 750, 32.63598
2, 751, 25.72900
2, 752, 32.15501
2, 753, 24.96904
2, 754, 31.80302
2, 755, 26.00700
2, 756, 32.84005
2, 757, 26.11800
2, 758, 24.04400
2, 759, 28.47000
2, 760, 37.74603
2, 761, 26.39606
2, 762, 25.24902
2, 763, 23.41501
2, 764, 35.54397
2, 765, 29.85901
2, 766, 32.82300
2, 767, 25.67399
2, 768, 31.47095
2, 769, 25.71200
2, 770, 32.67404
2, 771, 25.63802
2, 772, 33.50804
2, 773, 24.76700
2, 774, 25.45298
2, 775, 28.80399
2, 776, 35.15503
2, 777, 26.39705
2, 778, 31.02601
2, 779, 25.50804
2, 780, 29.87897
2, 781, 29.58199
2, 782, 36.32396
2, 783, 25.28703
2, 784, 28.00905
2, 785, 27.71295
2, 786, 35.23099
2, 787, 25.82399
2, 788, 31.08300
2, 789, 25.63901
2, 790, 31.84202
2, 791, 25.36200
2, 792, 34.02702
2, 793, 25.06397
2, 794, 24.21298
2, 795, 28.34200
2, 796, 34.97098
2, 797, 25.82399
2, 798, 24.86100
2, 799, 28.34299
2, 800, 38.26803
2, 801, 26.28698
2, 802, 32.08399
2, 803, 24.60303
2, 804, 32.04796
2, 805, 25.75205
2, 806, 32.04703
2, 807, 25.43604
2, 808, 30.56600
2, 809, 25.64000
2, 810, 31.80698
2, 811, 25.47405
2, 812, 33.56602
2, 813, 24.77003
2, 814, 24.51100
2, 815, 28.93700
2, 816, 28.21400
2, 817, 28.19595
2, 818, 31.43603
2, 819, 30.93596
2, 820, 37.95499
2, 821, 25.49203
2, 822, 24.91898
2, 823, 24.30803
2, 824, 36.04898
2, 825, 29.69701
2, 826, 28.34497
2, 827, 28.36301
2, 828, 31.01099
2, 829, 29.64201
2, 830, 36.38199
2, 831, 25.64203
2, 832, 32.77102
2, 833, 25.21601
2, 834, 24.21502
2, 835, 28.60399
2, 836, 35.43798
2, 837, 25.77096
2, 838, 31.41897
2, 839, 25.58598
2, 840, 29.56802
2, 841, 29.88299
2, 842, 35.43902
2, 843, 25.27201
2, 844, 26.60502
2, 845, 28.92099
2, 846, 35.14304
2, 847, 26.27301
2, 848, 31.91996
2, 849, 25.55100
2, 850, 28.40201
2, 851, 28.01301
2, 852, 35.06900
2, 853, 24.88301
2, 854, 26.56794
2, 855, 28.53100
2, 856, 35.34601
2, 857, 25.88400
2, 858, 30.71699
2, 859, 26.80898
2, 860, 34.16003
2, 861, 25.58697
2, 862, 31.82899
2, 863, 24.88504
2, 864, 26.38500
2, 865, 24.45902
2, 866, 35.68000
2, 867, 29.53304
2, 868, 31.18096
2, 869, 25.45897
2, 870, 32.68097
2, 871, 25.68098
2, 872, 31.75500
2, 873, 24.57002
2, 874, 26.42097
2, 875, 28.71802
2, 876, 35.32901
2, 877, 25.97801
2, 878, 31.60704
2, 879, 25.57003
2, 880, 27.27400
2, 881, 29.70004
2, 882, 28.64497
2, 883, 57.10700
2, 884, 25.81200
2, 885, 25.29302
2, 886, 28.18303
2, 887, 28.36697
2, 888, 35.60800
2, 889, 29.86803
2, 890, 32.40501
2, 891, 26.03395
2, 892, 31.42299
2, 893, 27.05200
2, 894, 32.88604
2, 895, 25.88604
2, 896, 26.01596
2, 897, 29.20097
2, 898, 33.21904
2, 899, 25.64605
2, 900, 34.83000
2, 901, 25.55298
2, 902, 24.92503
2, 903, 26.55397
2, 904, 27.88705
2, 905, 28.33100
2, 906, 36.47902
2, 907, 25.96095
2, 908, 33.44198
2, 909, 25.35100
2, 910, 26.79495
2, 911, 28.92402
2, 912, 32.48004
2, 913, 26.42499
2, 914, 33.10903
2, 915, 25.38697
2, 916, 24.57200
2, 917, 29.38700
2, 918, 27.83099
2, 919, 28.40597
2, 920, 31.31303
2, 921, 26.47999
2, 922, 36.51796
2, 923, 26.59204
2, 924, 24.88900
2, 925, 29.14701
2, 926, 33.86899
2, 927, 24.96298
2, 928, 24.49901
2, 929, 26.12900
2, 930, 27.98099
2, 931, 28.42500
2, 932, 35.31498
2, 933, 25.62999
2, 934, 24.61100
2, 935, 25.03697
2, 936, 27.99997
2, 937, 28.33303
2, 938, 35.92500
2, 939, 26.55601
2, 940, 24.11100
2, 941, 30.44399
2, 942, 25.77801
2, 943, 28.16702
2, 944, 32.59302
2, 945, 27.26102
2, 946, 24.14901
2, 947, 28.68600
2, 948, 32.03801
2, 949, 26.57598
2, 950, 33.53796
2, 951, 24.96397
2, 952, 24.37200
2, 953, 28.24200
2, 954, 28.01900
2, 955, 29.01901
2, 956, 28.00003
2, 957, 28.33396
2, 958, 27.72302
2, 959, 28.25998
2, 960, 38.20400
2, 961, 25.77900
2, 962, 24.41001
2, 963, 28.42803
2, 964, 27.96499
2, 965, 29.24299
2, 966, 27.98297
2, 967, 28.46499
2, 968, 27.76103
2, 969, 28.26196
2, 970, 33.59396
2, 971, 26.48401
2, 972, 33.16898
2, 973, 25.46596
2, 974, 26.22399
2, 975, 29.79800
2, 976, 32.16799
2, 977, 26.40997
2, 978, 32.79803
2, 979, 25.26101
2, 980, 27.39100
2, 981, 29.74300
2, 982, 33.50403
2, 983, 25.87399
2, 984, 24.85501
2, 985, 29.33601
2, 986, 29.57699
2, 987, 29.83700
2, 988, 33.39204
2, 989, 26.65101
2, 990, 34.42900
2, 991, 25.98499
2, 992, 25.65199
2, 993, 28.92902
2, 994, 33.52201
2, 995, 26.74402
2, 996, 26.02300
2, 997, 30.55895
2, 998, 34.35502
2, 999, 26.78203
2, 1000, 28.85498
2, 1001, 26.78197
2, 1002, 36.55999
2, 1003, 26.32004
2, 1004, 25.04098
2, 1005, 25.57900
2, 1006, 28.85603
2, 1007, 29.35702
2, 1008, 28.78298
2, 1009, 29.02303
2, 1010, 33.22702
2, 1011, 26.57796
2, 1012, 25.48598
2, 1013, 25.76398
2, 1014, 28.67198
2, 1015, 31.44802
2, 1016, 26.59699
2, 1017, 29.48601
2, 1018, 28.28198
2, 1019, 27.52400
2, 1020, 30.06000
2, 1021, 30.72601
2, 1022, 25.76503
2, 1023, 28.85801
2, 1024, 36.57995
2, 1025, 26.24699
2, 1026, 25.28400
2, 1027, 27.70899
2, 1028, 28.87599
2, 1029, 30.11704
2, 1030, 33.30199
2, 1031, 26.24699
2, 1032, 27.30200
2, 1033, 28.72797
2, 1034, 28.82000
2, 1035, 29.54201
2, 1036, 34.00502
2, 1037, 26.35799
2, 1038, 26.76498
2, 1039, 29.58002
2, 1040, 34.58000
2, 1041, 25.80199
2, 1042, 25.50699
2, 1043, 28.60003
2, 1044, 28.08099
2, 1045, 29.80301
2, 1046, 28.89602
2, 1047, 29.39602
2, 1048, 32.78499
2, 1049, 25.82201
2, 1050, 24.54499
2, 1051, 28.87803
2, 1052, 32.22905
2, 1053, 25.87801
2, 1054, 31.69196
2, 1055, 25.04401
2, 1056, 32.50705
2, 1057, 25.23004
2, 1058, 24.97102
2, 1059, 29.30405
2, 1060, 31.28503
2, 1061, 31.00703
2, 1062, 26.23104
2, 1063, 28.43402
2, 1064, 28.89701
2, 1065, 29.21203
2, 1066, 32.82300
2, 1067, 26.06398
2, 1068, 25.76800
2, 1069, 29.39695
2, 1070, 33.02702
2, 1071, 26.73098
2, 1072, 25.34197
2, 1073, 29.58199
2, 1074, 27.65701
2, 1075, 29.71197
2, 1076, 32.67503
2, 1077, 26.47103
2, 1078, 32.91502
2, 1079, 26.58302
2, 1080, 28.85999
2, 1081, 30.60098
2, 1082, 33.43499
2, 1083, 27.01003
2, 1084, 25.04698
2, 1085, 25.19500
2, 1086, 28.86103
2, 1087, 29.21302
2, 1088, 28.56499
2, 1089, 27.02796
2, 1090, 29.76797
2, 1091, 27.75003
2, 1092, 28.89899
2, 1093, 29.12099
2, 1094, 28.75003
2, 1095, 28.97198
2, 1096, 28.99101
2, 1097, 26.75101
2, 1098, 28.15800
2, 1099, 28.95399
2, 1100, 38.73096
2, 1101, 25.78703
2, 1102, 24.21502
2, 1103, 28.40003
2, 1104, 33.41800
2, 1105, 25.40001
2, 1106, 25.15903
2, 1107, 29.52897
2, 1108, 32.28795
2, 1109, 26.32504
2, 1110, 32.38103
2, 1111, 25.34401
2, 1112, 24.34499
2, 1113, 26.10304
2, 1114, 36.39898
2, 1115, 25.97399
2, 1116, 26.01101
2, 1117, 29.71500
2, 1118, 27.76999
2, 1119, 28.41802
2, 1120, 37.93602
2, 1121, 25.75100
2, 1122, 24.69802
2, 1123, 25.21601
2, 1124, 28.25306
2, 1125, 27.90102
2, 1126, 35.47401
2, 1127, 25.67900
2, 1128, 26.19699
2, 1129, 29.77100
2, 1130, 31.52997
2, 1131, 25.67900
2, 1132, 25.93802
2, 1133, 27.86301
2, 1134, 28.78996
2, 1135, 28.60399
2, 1136, 32.36397
2, 1137, 26.36398
2, 1138, 24.56805
2, 1139, 30.06698
2, 1140, 35.82704
2, 1141, 25.71602
2, 1142, 24.32904
2, 1143, 28.43897
2, 1144, 28.38402
2, 1145, 24.73597
2, 1146, 35.80899
2, 1147, 25.55106
2, 1148, 24.51403
2, 1149, 29.69800
2, 1150, 28.77198
2, 1151, 28.88298
2, 1152, 31.60599
2, 1153, 25.79099
2, 1154, 26.40298
2, 1155, 28.90201
2, 1156, 31.99400
2, 1157, 26.43896
2, 1158, 28.42000
2, 1159, 29.34701
2, 1160, 37.56902
2, 1161, 25.84698
2, 1162, 24.42200
2, 1163, 26.14501
2, 1164, 27.79298
2, 1165, 28.40399
2, 1166, 28.03297
2, 1167, 29.07000
2, 1168, 32.92201
2, 1169, 26.12603
2, 1170, 25.69995
2, 1171, 28.69997
2, 1172, 32.36700
2, 1173, 25.77399
2, 1174, 32.38498
2, 1175, 25.01496
2, 1176, 25.79198
2, 1177, 28.25503
2, 1178, 35.40299
2, 1179, 27.97698
2, 1180, 35.99502
2, 1181, 28.10800
2, 1182, 36.88595
2, 1183, 30.44201
2, 1184, 36.71901
2, 1185, 30.36698
2, 1186, 36.66301
2, 1187, 30.73800
2, 1188, 36.47803
2, 1189, 30.57100
2, 1190, 42.36702
2, 1191, 32.57102
2, 1192, 40.31101
2, 1193, 30.81204
2, 1194, 36.18205
2, 1195, 30.86803
2, 1196, 36.97798
2, 1197, 30.70098
2, 1198, 36.47803
3, 0, 14.67903
3, 1, 9.77300
3, 2, 10.56904
3, 3, 9.29203
3, 4, 9.10704
3, 5, 9.06897
3, 6, 8.99499
3, 7, 10.29198
3, 8, 8.97701
3, 9, 9.05099
3, 10, 8.99499
3, 11, 9.79197
3, 12, 9.97701
3, 13, 30.69801
3, 14, 28.56901
3, 15, 28.47599
3, 16, 27.90201
3, 17, 23.56903
3, 18, 27.18000
3, 19, 26.21602
3, 20, 28.97599
3, 21, 31.19999
3, 22, 24.40402
3, 23, 27.19897
3, 24, 23.95902
3, 25, 27.34700
3, 26, 26.84699
3, 27, 23.92299
3, 28, 26.62598
3, 29, 26.99600
3, 30, 27.21801
3, 31, 26.71905
3, 32, 23.53300
3, 33, 27.31096
3, 34, 26.86597
3, 35, 26.66201
3, 36, 27.03302
3, 37, 23.71798
3, 38, 26.79297
3, 39, 29.47798
3, 40, 28.45899
3, 41, 27.16405
3, 42, 23.60902
3, 43, 27.14595
3, 44, 26.81201
3, 45, 26.82999
3, 46, 27.05305
3, 47, 23.92305
3, 48, 26.83098
3, 49, 27.21999
3, 50, 26.84903
3, 51, 26.75700
3, 52, 23.25703
3, 53, 26.53401
3, 54, 26.81195
3, 55, 26.62702
3, 56, 27.01597
3, 57, 23.66396
3, 58, 26.90398
3, 59, 28.97902
3, 60, 27.81196
3, 61, 26.49903
3, 62, 23.53602
3, 63, 26.83197
3, 64, 26.83203
3, 65, 26.77703
3, 66, 26.86899
3, 67, 23.62799
3, 68, 26.72097
3, 69, 26.77703
3, 70, 26.83197
3, 71, 26.81300
3, 72, 23.55500
3, 73, 26.53599
3, 74, 26.81300
3, 75, 26.55496
3, 76, 27.12796
3, 77, 23.62904
3, 78, 26.74001
3, 79, 28.99800
3, 80, 27.88804
3, 81, 27.01900
3, 82, 23.75902
3, 83, 26.64798
3, 84, 27.03698
3, 85, 27.18599
3, 86, 26.88902
3, 87, 23.59301
3, 88, 26.94501
3, 89, 26.70398
3, 90, 26.59198
3, 91, 26.85095
3, 92, 23.72200
3, 93, 26.81498
3, 94, 26.88902
3, 95, 27.29601
3, 96, 26.61096
3, 97, 23.94499
3, 98, 26.96300
3, 99, 29.09200
3, 100, 27.29699
3, 101, 26.63098
3, 102, 23.64999
3, 103, 26.63098
3, 104, 26.66800
3, 105, 26.83500
3, 106, 26.50101
3, 107, 23.66897
3, 108, 26.85398
3, 109, 26.64897
3, 110, 26.68698
3, 111, 26.96399
3, 112, 23.46501
3, 113, 27.20497
3, 114, 26.98302
3, 115, 26.70502
3, 116, 26.83500
3, 117, 23.79802
3, 118, 26.66899
3, 119, 29.07501
3, 120, 27.44595
3, 121, 31.50302
3, 122, 23.89103
3, 123, 26.98401
3, 124, 26.96597
3, 125, 26.81795
3, 126, 26.94798
3, 127, 23.66996
3, 128, 26.72499
3, 129, 27.03902
3, 130, 27.02097
3, 131, 26.78098
3, 132, 23.67002
3, 133, 26.79903
3, 134, 26.66998
3, 135, 26.92901
3, 136, 23.66903
3, 137, 24.03999
3, 138, 27.15002
3, 139, 29.05801
3, 140, 28.04002
3, 141, 27.02301
3, 142, 23.67095
3, 143, 26.70799
3, 144, 26.89303
3, 145, 27.07901
3, 146, 26.67103
3, 147, 23.68899
3, 148, 27.00503
3, 149, 26.74501
3, 150, 27.04100
3, 151, 26.70799
3, 152, 23.76396
3, 153, 26.76300
3, 154, 26.57801
3, 155, 26.93000
3, 156, 26.80101
3, 157, 24.07799
3, 158, 27.24502
3, 159, 29.28199
3, 160, 27.89298
3, 161, 26.81998
3, 162, 23.91298
3, 163, 27.06102
3, 164, 26.95002
3, 165, 26.94996
3, 166, 27.11702
3, 167, 23.87601
3, 168, 27.02400
3, 169, 26.76498
3, 170, 26.94996
3, 171, 26.83902
3, 172, 23.30197
3, 173, 27.09798
3, 174, 26.94996
3, 175, 27.17202
3, 176, 26.80101
3, 177, 23.93201
3, 178, 26.83902
3, 179, 30.65296
3, 180, 26.96899
3, 181, 27.21003
3, 182, 23.54400
3, 183, 27.02598
3, 184, 27.32202
3, 185, 27.13698
3, 186, 26.93302
3, 187, 23.95198
3, 188, 26.71096
3, 189, 27.19199
3, 190, 27.32202
3, 191, 27.32103
3, 192, 23.61897
3, 193, 27.21003
3, 194, 27.02598
3, 195, 27.09996
3, 196, 26.95200
3, 197, 23.78504
3, 198, 27.00700
3, 199, 31.11804
3, 200, 26.89699
3, 201, 27.52703
3, 202, 23.61903
3, 203, 26.97103
3, 204, 26.69396
3, 205, 27.00799
3, 206, 27.00799
3, 207, 23.48998
3, 208, 27.04600
3, 209, 26.89699
3, 210, 26.82301
3, 211, 26.71201
3, 212, 23.47101
3, 213, 30.89696
3, 214, 27.54601
3, 215, 27.11900
3, 216, 27.13803
3, 217, 23.86001
3, 218, 26.91498
3, 219, 30.63800
3, 220, 27.39804
3, 221, 30.65697
3, 222, 23.91699
3, 223, 26.76800
3, 224, 26.93500
3, 225, 26.67604
3, 226, 26.95398
3, 227, 23.58404
3, 228, 26.56503
3, 229, 26.41695
3, 230, 26.76905
3, 231, 26.76800
3, 232, 24.00995
3, 233, 26.28797
3, 234, 26.76899
3, 235, 26.86102
3, 236, 26.89798
3, 237, 23.67595
3, 238, 26.78698
3, 239, 30.78701
3, 240, 23.45500
3, 241, 26.73302
3, 242, 23.84499
3, 243, 26.56602
3, 244, 26.58500
3, 245, 26.52900
3, 246, 26.67796
3, 247, 23.75197
3, 248, 26.54798
3, 249, 26.77004
3, 250, 26.62196
3, 251, 26.64000
3, 252, 23.82596
3, 253, 26.43698
3, 254, 26.64099
3, 255, 26.41800
3, 256, 26.67697
3, 257, 23.54801
3, 258, 54.86100
3, 259, 31.51100
3, 260, 27.78897
3, 261, 26.91998
3, 262, 26.60502
3, 263, 23.71600
3, 264, 26.64198
3, 265, 26.97499
3, 266, 26.86405
3, 267, 26.62400
3, 268, 26.80904
3, 269, 26.56800
3, 270, 27.03099
3, 271, 27.03099
3, 272, 26.80904
3, 273, 27.01201
3, 274, 26.69798
3, 275, 26.71597
3, 276, 26.62301
3, 277, 26.82703
3, 278, 26.45595
3, 279, 30.34504
3, 280, 26.93902
3, 281, 26.77196
3, 282, 26.86498
3, 283, 26.84699
3, 284, 26.47702
3, 285, 26.67999
3, 286, 26.79100
3, 287, 27.30998
3, 288, 26.86498
3, 289, 26.82802
3, 290, 27.06900
3, 291, 26.51300
3, 292, 26.84699
3, 293, 26.73599
3, 294, 26.62499
3, 295, 26.69897
3, 296, 26.71701
3, 297, 26.86504
3, 298, 27.16201
3, 299, 30.49498
3, 300, 26.25502
3, 301, 27.18099
3, 302, 26.88500
3, 303, 26.55199
3, 304, 26.75601
3, 305, 27.03302
3, 306, 26.75502
3, 307, 27.08902
3, 308, 27.08902
3, 309, 26.57004
3, 310, 26.68104
3, 311, 26.77400
3, 312, 26.66300
3, 313, 26.90398
3, 314, 26.81096
3, 315, 26.68104
3, 316, 26.73698
3, 317, 26.57097
3, 318, 26.58896
3, 319, 29.58799
3, 320, 26.70002
3, 321, 30.83096
3, 322, 27.53495
3, 323, 23.64598
3, 324, 26.92400
3, 325, 27.34897
3, 326, 26.68302
3, 327, 26.88599
3, 328, 26.88698
3, 329, 27.16399
3, 330, 26.53401
3, 331, 26.84897
3, 332, 26.88704
3, 333, 26.55298
3, 334, 26.90502
3, 335, 26.53500
3, 336, 26.79396
3, 337, 26.96096
3, 338, 27.03500
3, 339, 29.68299
3, 340, 26.85002
3, 341, 26.75799
3, 342, 27.25800
3, 343, 26.75799
3, 344, 26.79501
3, 345, 26.79600
3, 346, 26.75799
3, 347, 26.90601
3, 348, 26.60997
3, 349, 26.92499
3, 350, 26.70299
3, 351, 26.90601
3, 352, 26.88797
3, 353, 26.94402
3, 354, 26.81399
3, 355, 26.77703
3, 356, 26.77703
3, 357, 26.77697
3, 358, 26.96201
3, 359, 29.53601
3, 360, 27.01801
3, 361, 26.70496
3, 362, 27.25899
3, 363, 26.57499
3, 364, 26.98197
3, 365, 26.50002
3, 366, 26.59297
3, 367, 26.98197
3, 368, 26.81498
3, 369, 26.96300
3, 370, 26.68599
3, 371, 27.14897
3, 372, 27.09298
3, 373, 27.03698
3, 374, 26.92598
3, 375, 26.59297
3, 376, 26.83395
3, 377, 26.90799
3, 378, 26.89001
3, 379, 29.46302
3, 380, 27.00101
3, 381, 26.57598
3, 382, 27.22400
3, 383, 26.90898
3, 384, 26.87196
3, 385, 26.59501
3, 386, 26.79804
3, 387, 26.90898
3, 388, 26.87196
3, 389, 26.61300
3, 390, 26.74303
3, 391, 26.52103
3, 392, 26.68704
3, 393, 26.77900
3, 394, 27.01998
3, 395, 26.70601
3, 396, 26.68698
3, 397, 26.83500
3, 398, 27.05700
3, 399, 29.46500
3, 400, 26.70601
3, 401, 26.68803
3, 402, 26.96603
3, 403, 26.94798
3, 404, 26.85502
3, 405, 26.85502
3, 406, 26.91003
3, 407, 26.96603
3, 408, 26.54000
3, 409, 27.13297
3, 410, 26.68797
3, 411, 26.57801
3, 412, 26.98500
3, 413, 31.44796
3, 414, 27.89199
3, 415, 26.85497
3, 416, 26.89204
3, 417, 27.28000
3, 418, 26.81701
3, 419, 29.37297
3, 420, 26.78098
3, 421, 30.78101
3, 422, 26.87499
3, 423, 27.02295
3, 424, 26.91201
3, 425, 26.93000
3, 426, 26.93000
3, 427, 23.61600
3, 428, 26.50397
3, 429, 27.43105
3, 430, 27.09699
3, 431, 26.83803
3, 432, 26.96702
3, 433, 26.63500
3, 434, 26.89298
3, 435, 26.89303
3, 436, 26.78296
3, 437, 26.91195
3, 438, 26.91102
3, 439, 29.50400
3, 440, 26.81998
3, 441, 26.67301
3, 442, 27.08000
3, 443, 26.69099
3, 444, 26.52406
3, 445, 27.22802
3, 446, 26.76498
3, 447, 26.87604
3, 448, 26.63500
3, 449, 26.85805
3, 450, 26.83902
3, 451, 26.70997
3, 452, 26.67295
3, 453, 26.56195
3, 454, 26.81998
3, 455, 27.09903
3, 456, 26.61701
3, 457, 27.02400
3, 458, 27.07901
3, 459, 29.11703
3, 460, 26.84001
3, 461, 26.84001
3, 462, 26.95200
3, 463, 26.74798
3, 464, 26.63698
3, 465, 26.84100
3, 466, 26.61800
3, 467, 26.65496
3, 468, 26.76597
3, 469, 26.54396
3, 470, 26.72900
3, 471, 26.84100
3, 472, 26.61899
3, 473, 26.67400
3, 474, 26.61800
3, 475, 26.74798
3, 476, 26.69198
3, 477, 26.78500
3, 478, 26.85904
3, 479, 29.10004
3, 480, 26.48901
3, 481, 26.78605
3, 482, 27.19403
3, 483, 26.61899
3, 484, 26.67499
3, 485, 26.84199
3, 486, 26.74897
3, 487, 26.87901
3, 488, 26.86003
3, 489, 26.76800
3, 490, 26.69303
3, 491, 26.60101
3, 492, 27.02598
3, 493, 26.69297
3, 494, 26.50904
3, 495, 27.06399
3, 496, 26.47097
3, 497, 26.87802
3, 498, 27.04501
3, 499, 29.32297
3, 500, 26.95299
3, 501, 27.13902
3, 502, 26.86102
3, 503, 26.67598
3, 504, 26.52900
3, 505, 26.54600
3, 506, 26.78797
3, 507, 26.73203
3, 508, 26.28698
3, 509, 26.99100
3, 510, 26.64000
3, 511, 26.60200
3, 512, 26.91702
3, 513, 26.69501
3, 514, 23.65797
3, 515, 26.88005
3, 516, 26.64000
3, 517, 26.67604
3, 518, 26.67598
3, 519, 28.89899
3, 520, 26.71405
3, 521, 30.63998
3, 522, 27.41900
3, 523, 26.71399
3, 524, 26.49303
3, 525, 26.71399
3, 526, 26.62202
3, 527, 27.06603
3, 528, 26.51096
3, 529, 26.54798
3, 530, 26.65898
3, 531, 23.91798
3, 532, 26.75101
3, 533, 26.49198
3, 534, 26.65904
3, 535, 26.71498
3, 536, 26.75200
3, 537, 26.38098
3, 538, 26.80700
3, 539, 26.51102
3, 540, 26.53098
3, 541, 26.54897
3, 542, 26.58605
3, 543, 26.88296
3, 544, 26.43901
3, 545, 26.79001
3, 546, 26.71597
3, 547, 27.04903
3, 548, 26.54897
3, 549, 26.79001
3, 550, 26.82703
3, 551, 26.75403
3, 552, 26.84501
3, 553, 23.62397
3, 554, 23.38300
3, 555, 26.29000
3, 556, 26.90101
3, 557, 26.84600
3, 558, 26.84600
3, 559, 26.73500
3, 560, 26.58698
3, 561, 26.71800
3, 562, 26.97598
3, 563, 26.55101
3, 564, 26.67999
3, 565, 26.69903
3, 566, 26.92097
3, 567, 26.93902
3, 568, 26.77301
3, 569, 26.81003
3, 570, 26.62499
3, 571, 26.47702
3, 572, 26.49600
3, 573, 26.69897
3, 574, 26.58704
3, 575, 26.38401
3, 576, 26.38401
3, 577, 26.97703
3, 578, 27.27301
3, 579, 27.21702
3, 580, 26.73698
3, 581, 27.08902
3, 582, 26.58902
3, 583, 26.86701
3, 584, 26.90403
3, 585, 27.16300
3, 586, 26.82999
3, 587, 23.58899
3, 588, 26.82999
3, 589, 30.01500
3, 590, 27.66300
3, 591, 27.05200
3, 592, 26.64396
3, 593, 27.23698
3, 594, 27.18099
3, 595, 27.12604
3, 596, 26.77400
3, 597, 26.95898
3, 598, 26.75601
3, 599, 26.68098
3, 600, 26.92301
3, 601, 26.70101
3, 602, 27.20101
3, 603, 26.79402
3, 604, 27.01597
3, 605, 26.64600
3, 606, 26.84897
3, 607, 26.47900
3, 608, 26.70200
3, 609, 26.46096
3, 610, 26.95997
3, 611, 26.79402
3, 612, 26.55298
3, 613, 31.86798
3, 614, 24.29400
3, 615, 27.31300
3, 616, 26.75700
3, 617, 27.07202
3, 618, 27.10898
3, 619, 27.07202
3, 620, 26.92400
3, 621, 31.05401
3, 622, 27.42499
3, 623, 26.68500
3, 624, 26.85101
3, 625, 26.94298
3, 626, 26.74001
3, 627, 26.62900
3, 628, 26.55502
3, 629, 26.98104
3, 630, 26.66602
3, 631, 27.01702
3, 632, 26.42504
3, 633, 26.99903
3, 634, 26.75799
3, 635, 26.36899
3, 636, 26.81300
3, 637, 26.72103
3, 638, 23.62898
3, 639, 26.70299
3, 640, 26.70398
3, 641, 26.79600
3, 642, 26.90700
3, 643, 26.55601
3, 644, 26.76003
3, 645, 26.79699
3, 646, 26.48197
3, 647, 26.55595
3, 648, 26.96300
3, 649, 26.38901
3, 650, 26.96300
3, 651, 26.75997
3, 652, 26.81504
3, 653, 26.48203
3, 654, 27.01900
3, 655, 26.70398
3, 656, 26.79600
3, 657, 26.44501
3, 658, 26.96405
3, 659, 27.05503
3, 660, 26.81597
3, 661, 26.92802
3, 662, 26.59402
3, 663, 26.90904
3, 664, 26.79798
3, 665, 26.81602
3, 666, 27.07604
3, 667, 26.66800
3, 668, 26.79804
3, 669, 26.63098
3, 670, 26.42795
3, 671, 26.68704
3, 672, 26.70601
3, 673, 26.87202
3, 674, 26.90904
3, 675, 26.94600
3, 676, 26.63098
3, 677, 26.64903
3, 678, 26.96498
3, 679, 26.76102
3, 680, 26.83500
3, 681, 26.66998
3, 682, 26.66998
3, 683, 26.83698
3, 684, 26.94699
3, 685, 26.70700
3, 686, 26.98500
3, 687, 26.37405
3, 688, 26.50298
3, 689, 26.52196
3, 690, 26.74402
3, 691, 26.91102
3, 692, 26.35496
3, 693, 26.70595
3, 694, 26.90997
3, 695, 26.67004
3, 696, 26.89199
3, 697, 26.72499
3, 698, 27.04001
3, 699, 27.59502
3, 700, 26.50397
3, 701, 26.93000
3, 702, 26.37499
3, 703, 26.81905
3, 704, 26.65299
3, 705, 26.72598
3, 706, 26.68902
3, 707, 26.54099
3, 708, 26.81899
3, 709, 26.63401
3, 710, 27.02202
3, 711, 26.63401
3, 712, 26.28197
3, 713, 26.52301
3, 714, 26.98599
3, 715, 26.52301
3, 716, 26.85601
3, 717, 26.91201
3, 718, 23.48602
3, 719, 26.93000
3, 720, 26.69001
3, 721, 31.15302
3, 722, 27.13599
3, 723, 26.95002
3, 724, 26.76399
3, 725, 26.95002
3, 726, 26.65299
3, 727, 26.63500
3, 728, 26.72697
3, 729, 26.89396
3, 730, 26.69099
3, 731, 26.83896
3, 732, 26.87598
3, 733, 27.17196
3, 734, 26.54297
3, 735, 26.89402
3, 736, 26.85799
3, 737, 26.52400
3, 738, 26.89402
3, 739, 26.76503
3, 740, 27.11702
3, 741, 26.93302
3, 742, 26.93197
3, 743, 26.87703
3, 744, 26.87703
3, 745, 26.93296
3, 746, 26.61800
3, 747, 26.54303
3, 748, 26.61800
3, 749, 26.80299
3, 750, 26.52499
3, 751, 26.84001
3, 752, 26.58098
3, 753, 26.56300
3, 754, 26.46998
3, 755, 27.17400
3, 756, 26.61800
3, 757, 26.60002
3, 758, 26.91399
3, 759, 26.91399
3, 760, 26.87802
3, 761, 26.89699
3, 762, 26.43401
3, 763, 27.04496
3, 764, 26.91603
3, 765, 26.69297
3, 766, 26.54501
3, 767, 26.56404
3, 768, 26.59996
3, 769, 26.63803
3, 770, 26.10100
3, 771, 26.87802
3, 772, 26.36003
3, 773, 26.99001
3, 774, 26.58203
3, 775, 26.84100
3, 776, 26.76701
3, 777, 27.21201
3, 778, 26.85997
3, 779, 26.89699
3, 780, 26.63803
3, 781, 27.06498
3, 782, 26.82400
3, 783, 27.21300
3, 784, 26.88000
3, 785, 27.04600
3, 786, 26.86102
3, 787, 26.41596
3, 788, 27.25002
3, 789, 26.97196
3, 790, 26.67604
3, 791, 27.02802
3, 792, 26.67604
3, 793, 27.02802
3, 794, 26.78698
3, 795, 26.84298
3, 796, 27.04699
3, 797, 26.75002
3, 798, 26.63902
3, 799, 26.58302
3, 800, 27.08401
3, 801, 26.86201
3, 802, 26.91795
3, 803, 27.12202
3, 804, 26.91800
3, 805, 26.93698
3, 806, 26.88098
3, 807, 26.90002
3, 808, 26.67697
3, 809, 26.30700
3, 810, 26.89897
3, 811, 26.76998
3, 812, 26.86201
3, 813, 31.49196
3, 814, 27.50998
3, 815, 27.02901
3, 816, 26.62202
3, 817, 26.67801
3, 818, 26.60298
3, 819, 27.30596
3, 820, 27.06603
3, 821, 27.71498
3, 822, 23.93801
3, 823, 27.19699
3, 824, 26.77097
3, 825, 26.90095
3, 826, 26.90101
3, 827, 27.10503
3, 828, 26.71503
3, 829, 27.06702
3, 830, 26.80799
3, 831, 26.82703
3, 832, 26.80799
3, 833, 26.80799
3, 834, 26.80799
3, 835, 26.97499
3, 836, 26.77103
3, 837, 27.12301
3, 838, 27.08599
3, 839, 27.10398
3, 840, 26.77097
3, 841, 26.81003
3, 842, 27.04996
3, 843, 26.69804
3, 844, 27.19798
3, 845, 26.90200
3, 846, 26.51300
3, 847, 26.75403
3, 848, 26.77301
3, 849, 27.01300
3, 850, 26.75398
3, 851, 26.82802
3, 852, 26.79105
3, 853, 26.77295
3, 854, 26.51300
3, 855, 26.67999
3, 856, 26.51399
3, 857, 26.80997
3, 858, 27.19897
3, 859, 27.03198
3, 860, 26.71696
3, 861, 26.73698
3, 862, 26.73698
3, 863, 26.68098
3, 864, 26.71800
3, 865, 26.95904
3, 866, 27.12499
3, 867, 26.66201
3, 868, 26.55095
3, 869, 26.64402
3, 870, 26.81096
3, 871, 26.88500
3, 872, 26.56899
3, 873, 26.44000
3, 874, 26.99501
3, 875, 26.88395
3, 876, 26.73599
3, 877, 26.84804
3, 878, 26.99600
3, 879, 26.73704
3, 880, 27.12604
3, 881, 30.14498
3, 882, 26.75601
3, 883, 27.10799
3, 884, 26.84903
3, 885, 26.71899
3, 886, 26.88599
3, 887, 26.66300
3, 888, 27.05305
3, 889, 26.66399
3, 890, 26.77499
3, 891, 26.71905
3, 892, 26.86800
3, 893, 26.34897
3, 894, 26.68302
3, 895, 27.03401
3, 896, 27.01597
3, 897, 26.47900
3, 898, 26.45997
3, 899, 26.73803
3, 900, 27.10898
3, 901, 27.09100
3, 902, 26.72097
3, 903, 26.79402
3, 904, 26.66498
3, 905, 26.75805
3, 906, 26.49903
3, 907, 27.48000
3, 908, 26.77697
3, 909, 26.44297
3, 910, 27.14595
3, 911, 26.24000
3, 912, 26.73902
3, 913, 26.64699
3, 914, 26.36800
3, 915, 26.77604
3, 916, 26.53500
3, 917, 26.53599
3, 918, 23.44301
3, 919, 29.98002
3, 920, 27.51702
3, 921, 29.20300
3, 922, 27.68501
3, 923, 26.37004
3, 924, 26.66602
3, 925, 26.24099
3, 926, 26.60997
3, 927, 26.94402
3, 928, 26.48104
3, 929, 26.49897
3, 930, 26.94397
3, 931, 26.46201
3, 932, 26.68500
3, 933, 26.94397
3, 934, 26.60997
3, 935, 26.44402
3, 936, 26.61102
3, 937, 26.74001
3, 938, 27.33303
3, 939, 26.57400
3, 940, 27.35200
3, 941, 26.68599
3, 942, 26.90799
3, 943, 26.59402
3, 944, 26.75997
3, 945, 26.96300
3, 946, 26.72301
3, 947, 26.38896
3, 948, 26.70502
3, 949, 27.11201
3, 950, 26.44600
3, 951, 26.87202
3, 952, 26.51899
3, 953, 26.81602
3, 954, 26.90898
3, 955, 27.01900
3, 956, 26.83401
3, 957, 27.09304
3, 958, 27.11201
3, 959, 27.26003
3, 960, 26.79798
3, 961, 26.87196
3, 962, 26.53901
3, 963, 26.85403
3, 964, 26.77999
3, 965, 26.63203
3, 966, 26.37301
3, 967, 27.20596
3, 968, 26.57598
3, 969, 27.15101
3, 970, 26.70601
3, 971, 26.39099
3, 972, 26.76102
3, 973, 26.37202
3, 974, 26.72499
3, 975, 26.46602
3, 976, 26.85403
3, 977, 23.70599
3, 978, 26.54000
3, 979, 27.01998
3, 980, 27.15002
3, 981, 26.80002
3, 982, 27.07796
3, 983, 26.28098
3, 984, 26.83698
3, 985, 26.59600
3, 986, 26.57697
3, 987, 26.52196
3, 988, 27.05904
3, 989, 26.85497
3, 990, 26.85502
3, 991, 26.22603
3, 992, 26.65101
3, 993, 26.68902
3, 994, 26.87400
3, 995, 26.68797
3, 996, 26.65101
3, 997, 26.68902
3, 998, 26.80002
3, 999, 27.15101
3, 1000, 26.93000
3, 1001, 26.72703
3, 1002, 26.57900
3, 1003, 26.41201
3, 1004, 26.41201
3, 1005, 26.85700
3, 1006, 26.74501
3, 1007, 26.61602
3, 1008, 26.31905
3, 1009, 23.63399
3, 1010, 26.54099
3, 1011, 27.13401
3, 1012, 27.00404
3, 1013, 31.30098
3, 1014, 27.17098
3, 1015, 26.78302
3, 1016, 26.96801
3, 1017, 27.13401
3, 1018, 26.78197
3, 1019, 26.81899
3, 1020, 27.22703
3, 1021, 27.59898
3, 1022, 28.06196
3, 1023, 27.52400
3, 1024, 27.06096
3, 1025, 27.21003
3, 1026, 26.82097
3, 1027, 26.57999
3, 1028, 26.87697
3, 1029, 26.39501
3, 1030, 26.82103
3, 1031, 26.78401
3, 1032, 27.04199
3, 1033, 26.76498
3, 1034, 26.69198
3, 1035, 26.48797
3, 1036, 26.48704
3, 1037, 26.72900
3, 1038, 26.93197
3, 1039, 27.04298
3, 1040, 26.45095
3, 1041, 27.13704
3, 1042, 27.17400
3, 1043, 26.91399
3, 1044, 26.67301
3, 1045, 26.67400
3, 1046, 26.84100
3, 1047, 26.89600
3, 1048, 26.35904
3, 1049, 27.17400
3, 1050, 27.02598
3, 1051, 26.54396
3, 1052, 26.85898
3, 1053, 27.08099
3, 1054, 26.63698
3, 1055, 26.58098
3, 1056, 26.60002
3, 1057, 26.69204
3, 1058, 26.87703
3, 1059, 27.06300
3, 1060, 26.71102
3, 1061, 26.62004
3, 1062, 27.08198
3, 1063, 26.58302
3, 1064, 26.97202
3, 1065, 26.84199
3, 1066, 26.60101
3, 1067, 27.08198
3, 1068, 26.74897
3, 1069, 26.43401
3, 1070, 26.61998
3, 1071, 26.76800
3, 1072, 27.32296
3, 1073, 26.65700
3, 1074, 26.87901
3, 1075, 26.26800
3, 1076, 26.73098
3, 1077, 26.74903
3, 1078, 26.72999
3, 1079, 26.49000
3, 1080, 26.97196
3, 1081, 26.45397
3, 1082, 26.82505
3, 1083, 26.65799
3, 1084, 26.99100
3, 1085, 26.65799
3, 1086, 26.73203
3, 1087, 26.56602
3, 1088, 27.00997
3, 1089, 26.80601
3, 1090, 26.73197
3, 1091, 26.78698
3, 1092, 27.39903
3, 1093, 26.95497
3, 1094, 27.13902
3, 1095, 27.12097
3, 1096, 26.95404
3, 1097, 23.93597
3, 1098, 27.06603
3, 1099, 26.54699
3, 1100, 26.95502
3, 1101, 26.69600
3, 1102, 27.14100
3, 1103, 26.65904
3, 1104, 26.36201
3, 1105, 27.10299
3, 1106, 27.06597
3, 1107, 26.43599
3, 1108, 26.75200
3, 1109, 26.47400
3, 1110, 26.58500
3, 1111, 26.73296
3, 1112, 26.99199
3, 1113, 23.64103
3, 1114, 26.62196
3, 1115, 27.14100
3, 1116, 27.49199
3, 1117, 26.62301
3, 1118, 27.06597
3, 1119, 26.47400
3, 1120, 26.75200
3, 1121, 26.27202
3, 1122, 30.19801
3, 1123, 28.19700
3, 1124, 27.60497
3, 1125, 27.41900
3, 1126, 27.17901
3, 1127, 27.25299
3, 1128, 26.71597
3, 1129, 26.67900
3, 1130, 27.10497
3, 1131, 26.58599
3, 1132, 26.84495
3, 1133, 26.66003
3, 1134, 26.75299
3, 1135, 27.10404
3, 1136, 26.95700
3, 1137, 27.08599
3, 1138, 26.90101
3, 1139, 26.67900
3, 1140, 26.64198
3, 1141, 26.17999
3, 1142, 26.95700
3, 1143, 26.75403
3, 1144, 26.93896
3, 1145, 26.32801
3, 1146, 26.86498
3, 1147, 26.62400
3, 1148, 26.84699
3, 1149, 26.56905
3, 1150, 26.47598
3, 1151, 26.53197
3, 1152, 26.73500
3, 1153, 23.69900
3, 1154, 26.23599
3, 1155, 27.36498
3, 1156, 26.92097
3, 1157, 26.64303
3, 1158, 27.19897
3, 1159, 26.84600
3, 1160, 27.08698
3, 1161, 26.71800
3, 1162, 26.82895
3, 1163, 26.79303
3, 1164, 26.69996
3, 1165, 26.79204
3, 1166, 26.55101
3, 1167, 26.81102
3, 1168, 26.70002
3, 1169, 26.97802
3, 1170, 26.75601
3, 1171, 26.23703
3, 1172, 26.64402
3, 1173, 26.45997
3, 1174, 26.64402
3, 1175, 26.73698
3, 1176, 27.16201
3, 1177, 26.10700
3, 1178, 24.01496
3, 1179, 28.01400
3, 1180, 24.51496
3, 1181, 27.90404
3, 1182, 27.79304
3, 1183, 27.42301
3, 1184, 26.64600
3, 1185, 27.47895
3, 1186, 27.59001
3, 1187, 27.68198
3, 1188, 27.53501
3, 1189, 27.84904
3, 1190, 26.79402
3, 1191, 27.23803
3, 1192, 27.01603
3, 1193, 26.70101
3, 1194, 27.09001
3, 1195, 27.18302
3, 1196, 27.16399
3, 1197, 24.57200
